id,created_date,modified_date,is_active,access_datas,created_by_id,modified_by_id,permission_id,role_id,group_id
2,2018-09-25 01:35:25.183989+05:30,2018-10-25 19:08:11.562702+05:30,t,"{""HR Foundation"",""Manage Organization"",Organization,""Organization Unit"",Division,""Organization Hierarchical"",""Manage Employee"",""Employee Details"",""Employee List"",""Employee Hierarchy"",""ID Card Generation"",""Employee Offer Generation"",""HR Foundation Reports"",""Employee Report"",""Compensation Management"",""Payroll Setup"",""Payroll Report"",""Tax Declaration Configuration"",""Tax Declaration Form"",""My Payslip"",""Talent Management"",""Talent Inventory"",""Role Definition"",""View Reporting Structure"",""Talent Inventory Reports"",""Talent Profiling"",""Competency Assessment"",""Talent Matrix"",""Accolades Management"",""My Talent Profile"",""Leave Management"",""Holiday Administration"",""Holiday Details"",""Leave Administration"",""Raise Leave Request"",""Holiday/Leave Calendar"",""Process Leave Request"",""Workforce Administration"",""Work Time Management"",""Attendance Configuration"",""Asset Management"",""Manual Attendance"",""Attendance Records"",""Performance Management"",""Balanced Scorecard"",""Objectives & Key Results"",""Cascade Objectives"",""Assessment Configuration"",""Assessment Form Setup"",""Assessment Schedule Setup"",""Performance Assessment"",""Performance Dashboard"",""Learning & Development"",""Training Management"",""Training Creation"",""Internship Training"",""Reassignment Request"",""Training Request"",""Raise Training Request"",""Process Training Request"",""Training Recommendation"",""General Recommendation"",""Management & TL Recommendation"",""Training Results"",""Training Cost & Budget"",""Raise Budget Request"",""Process Budget Request"",""Succession Planning"",""Identify Key Roles"",""Successor Hierarchy"",""Potential Successors"",""Transfer Request"",""Promotion Request"",""Demotion Request"",""Reassignment Process"",""Transfer Process"",""Promotion Process"",""Demotion Process"",""Succession Planning Report"",""Workforce Planning"",""Strategy Analysis"",""Structure Analysis"",""job Requisition Analysis"",""Workforce Request"",""Talent Acquisition"",""Job Openings"",""Candidate Tracking System"",""Interview Management"",""Offer Management"",""On boarding"",""Talent Acquisition Report"",""Exit Management"",""Raise Exit Request"",""Process Exit Request"",""Generate Exit Certificate"",""Exit Employee Report Details"",AppAdmin,User,""User Roles"",""Manage Users"",""Access Control"",""Menu & Page Master"",Configuration,""Alert & Notification"",""Manage Reference Item"",""Manage Reference Item Link"",""Country & Province Master"",""Upload Data"",""Tools & Technology"",""Organization Branding""}",1,1,1,6,25
3,2018-09-25 01:35:25.232192+05:30,2018-10-25 19:08:11.580853+05:30,t,"{Organization,""Organization Unit"",Division,""Organization Hierarchical"",""Manage Employee"",""Employee Details"",""Employee List"",""Employee Hierarchy"",""ID Card Generation"",""Employee Offer Generation"",""HR Foundation Reports"",""Employee Report"",""Payroll Setup"",""Payroll Report"",""Tax Declaration Configuration"",""Tax Declaration Form"",""My Payslip"",""Talent Inventory"",""Role Definition"",""View Reporting Structure"",""Talent Inventory Reports"",""Talent Profiling"",""Competency Assessment"",""Talent Matrix"",""Accolades Management"",""My Talent Profile"",""Holiday Administration"",""Holiday Details"",""Leave Administration"",""Raise Leave Request"",""Holiday/Leave Calendar"",""Process Leave Request"",""Work Time Management"",""Attendance Configuration"",""Asset Management"",""Manual Attendance"",""Attendance Records"",""Balanced Scorecard"",""Objectives & Key Results"",""Cascade Objectives"",""Assessment Configuration"",""Assessment Form Setup"",""Assessment Schedule Setup"",""Performance Assessment"",""Performance Dashboard"",""Training Management"",""Training Creation"",""Internship Training"",""Training Request"",""Raise Training Request"",""Process Training Request"",""Training Recommendation"",""General Recommendation"",""Management & TL Recommendation"",""Training Results"",""Training Cost & Budget"",""Raise Budget Request"",""Process Budget Request"",""Identify Key Roles"",""Successor Hierarchy"",""Potential Successors"",""Transfer Request"",""Promotion Request"",""Demotion Request"",""Reassignment Process"",""Transfer Process"",""Promotion Process"",""Demotion Process"",""Succession Planning Report"",""Strategy Analysis"",""Structure Analysis"",""job Requisition Analysis"",""Workforce Request"",""Job Openings"",""Candidate Tracking System"",""Interview Management"",""Offer Management"",""On boarding"",""Talent Acquisition Report"",""Raise Exit Request"",""Process Exit Request"",""Generate Exit Certificate"",""Exit Employee Report Details"",User,""User Roles"",""Manage Users"",""Access Control"",""Menu & Page Master"",Configuration,""Alert & Notification"",""Manage Reference Item"",""Manage Reference Item Link"",""Country & Province Master"",""Upload Data"",""Tools & Technology"",""Organization Branding""}",1,1,2,6,25
4,2018-02-13 21:57:00+05:30,2018-10-25 19:08:11.590297+05:30,t,"{Organization,""Organization Unit"",Division,""Organization Hierarchical"",""Manage Employee"",""Employee Details"",""Employee List"",""Employee Hierarchy"",""ID Card Generation"",""HR Foundation Reports"",""Employee Report"",""Payroll Setup"",""Payroll Report"",""Tax Declaration Configuration"",""Tax Declaration Form"",""My Payslip"",""Talent Inventory"",""Role Definition"",""View Reporting Structure"",""Talent Inventory Reports"",""Talent Profiling"",""Competency Assessment"",""Talent Matrix"",""Accolades Management"",""My Talent Profile"",""Holiday Administration"",""Holiday Details"",""Leave Administration"",""Raise Leave Request"",""Holiday/Leave Calendar"",""Process Leave Request"",""Work Time Management"",""Attendance Configuration"",""Asset Management"",""Manual Attendance"",""Attendance Records"",""Balanced Scorecard"",""Objectives & Key Results"",""Cascade Objectives"",""Assessment Configuration"",""Assessment Form Setup"",""Assessment Schedule Setup"",""Performance Assessment"",""Performance Dashboard"",""Training Management"",""Training Creation"",""Internship Training"",""Training Request"",""Raise Training Request"",""Process Training Request"",""Training Recommendation"",""General Recommendation"",""Management & TL Recommendation"",""Training Results"",""Training Cost & Budget"",""Raise Budget Request"",""Process Budget Request"",""Identify Key Roles"",""Successor Hierarchy"",""Potential Successors"",""Transfer Request"",""Promotion Request"",""Demotion Request"",""Reassignment Process"",""Transfer Process"",""Promotion Process"",""Demotion Process"",""Succession Planning Report"",""Strategy Analysis"",""Structure Analysis"",""job Requisition Analysis"",""Workforce Request"",""Job Openings"",""Candidate Tracking System"",""Interview Management"",""Offer Management"",""On boarding"",""Talent Acquisition Report"",""Raise Exit Request"",""Process Exit Request"",""Generate Exit Certificate"",""Exit Employee Report Details"",User,""User Roles"",""Manage Users"",""Access Control"",""Menu & Page Master"",Configuration,""Alert & Notification"",""Manage Reference Item"",""Manage Reference Item Link"",""Country & Province Master"",""Upload Data"",""Tools & Technology"",""Organization Branding""}",1,1,3,6,25
5,2018-02-13 21:57:00+05:30,2018-10-25 19:08:11.597318+05:30,t,"{Organization,""Organization Unit"",Division,""Organization Hierarchical"",""Manage Employee"",""Employee Details"",""Employee List"",""Employee Hierarchy"",""ID Card Generation"",""HR Foundation Reports"",""Employee Report"",""Payroll Setup"",""Payroll Report"",""Tax Declaration Configuration"",""Tax Declaration Form"",""My Payslip"",""Talent Inventory"",""Role Definition"",""View Reporting Structure"",""Talent Inventory Reports"",""Talent Profiling"",""Competency Assessment"",""Talent Matrix"",""Accolades Management"",""My Talent Profile"",""Holiday Administration"",""Holiday Details"",""Leave Administration"",""Raise Leave Request"",""Holiday/Leave Calendar"",""Process Leave Request"",""Work Time Management"",""Attendance Configuration"",""Asset Management"",""Manual Attendance"",""Attendance Records"",""Balanced Scorecard"",""Objectives & Key Results"",""Cascade Objectives"",""Assessment Configuration"",""Assessment Form Setup"",""Assessment Schedule Setup"",""Performance Assessment"",""Performance Dashboard"",""Training Management"",""Training Creation"",""Internship Training"",""Training Request"",""Raise Training Request"",""Process Training Request"",""Training Recommendation"",""General Recommendation"",""Management & TL Recommendation"",""Training Results"",""Training Cost & Budget"",""Raise Budget Request"",""Process Budget Request"",""Identify Key Roles"",""Successor Hierarchy"",""Potential Successors"",""Transfer Request"",""Promotion Request"",""Demotion Request"",""Reassignment Process"",""Transfer Process"",""Promotion Process"",""Demotion Process"",""Succession Planning Report"",""Strategy Analysis"",""Structure Analysis"",""job Requisition Analysis"",""Workforce Request"",""Job Openings"",""Candidate Tracking System"",""Interview Management"",""Offer Management"",""On boarding"",""Talent Acquisition Report"",""Raise Exit Request"",""Process Exit Request"",""Generate Exit Certificate"",""Exit Employee Report Details"",User,""User Roles"",""Manage Users"",""Access Control"",""Menu & Page Master"",Configuration,""Alert & Notification"",""Manage Reference Item"",""Manage Reference Item Link"",""Country & Province Master"",""Upload Data"",""Tools & Technology"",""Organization Branding""}",1,1,4,6,25
6,2018-09-24 20:03:19.818333+05:30,2018-10-25 18:51:10.916129+05:30,t,"{""HR Foundation"",""Manage Organization"",Organization,""Organization Unit"",Division,""Organization Hierarchical"",""Manage Employee"",""Employee Details"",""Employee List"",""Employee Hierarchy"",""ID Card Generation"",""HR Foundation Reports"",""Employee Report"",""Compensation Management"",""Payroll Setup"",""Payroll Report"",""Tax Declaration Configuration"",""Tax Declaration Form"",""My Payslip"",""Talent Management"",""Talent Inventory"",""Role Definition"",""View Reporting Structure"",""Talent Inventory Reports"",""Talent Profiling"",""Competency Assessment"",""Talent Matrix"",""Accolades Management"",""My Talent Profile"",""Leave Management"",""Holiday Administration"",""Holiday Details"",""Leave Administration"",""Raise Leave Request"",""Holiday/Leave Calendar"",""Process Leave Request"",""Workforce Administration"",""Work Time Management"",""Attendance Configuration"",""Asset Management"",""Manual Attendance"",""Attendance Records"",""Performance Management"",""Balanced Scorecard"",""Objectives & Key Results"",""Cascade Objectives"",""Assessment Configuration"",""Assessment Form Setup"",""Assessment Schedule Setup"",""Performance Assessment"",""Performance Dashboard"",""Learning & Development"",""Training Management"",""Training Creation"",""Internship Training"",""Training Request"",""Raise Training Request"",""Process Training Request"",""Training Recommendation"",""General Recommendation"",""Management & TL Recommendation"",""Training Results"",""Training Cost & Budget"",""Raise Budget Request"",""Process Budget Request"",""Succession Planning"",""Identify Key Roles"",""Successor Hierarchy"",""Potential Successors"",""Transfer Request"",""Promotion Request"",""Demotion Request"",""Reassignment Process"",""Transfer Process"",""Promotion Process"",""Demotion Process"",""Succession Planning Report"",""Workforce Planning"",""Strategy Analysis"",""Structure Analysis"",""job Requisition Analysis"",""Workforce Request"",""Talent Acquisition"",""Job Openings"",""Candidate Tracking System"",""Interview Management"",""Offer Management"",""On boarding"",""Talent Acquisition Report"",""Exit Management"",""Raise Exit Request"",""Process Exit Request"",""Generate Exit Certificate"",""Exit Employee Report Details"",AppAdmin,User,""User Roles"",""Manage Users"",""Access Control"",""Menu & Page Master"",Configuration,""Alert & Notification"",""Manage Reference Item"",""Manage Reference Item Link"",""Country & Province Master"",""Upload Data"",""Tools & Technology"",""Organization Branding""}",1,1,1,1,1
7,2018-09-24 20:03:23.565408+05:30,2018-10-25 18:51:10.943533+05:30,t,"{Organization,""Organization Unit"",Division,""Organization Hierarchical"",""Manage Employee"",""Employee Details"",""Employee List"",""Employee Hierarchy"",""ID Card Generation"",""HR Foundation Reports"",""Employee Report"",""Talent Inventory"",""Role Definition"",""View Reporting Structure"",""Talent Inventory Reports"",""Talent Profiling"",""Competency Assessment"",""Talent Matrix"",""Accolades Management"",""My Talent Profile"",""Holiday Administration"",""Holiday Details"",""Leave Administration"",""Raise Leave Request"",""Holiday/Leave Calendar"",""Process Leave Request"",""Work Time Management"",""Attendance Configuration"",""Asset Management"",""Manual Attendance"",""Attendance Records"",""Balanced Scorecard"",""Objectives & Key Results"",""Cascade Objectives"",""Assessment Configuration"",""Assessment Form Setup"",""Assessment Schedule Setup"",""Performance Assessment"",""Performance Dashboard"",""Training Management"",""Training Creation"",""Internship Training"",""Training Request"",""Raise Training Request"",""Process Training Request"",""Training Recommendation"",""General Recommendation"",""Management & TL Recommendation"",""Training Results"",""Training Cost & Budget"",""Raise Budget Request"",""Process Budget Request"",""Identify Key Roles"",""Successor Hierarchy"",""Potential Successors"",""Transfer Request"",""Promotion Request"",""Demotion Request"",""Reassignment Process"",""Transfer Process"",""Promotion Process"",""Demotion Process"",""Succession Planning Report"",""Strategy Analysis"",""Structure Analysis"",""job Requisition Analysis"",""Workforce Request"",""Job Openings"",""Candidate Tracking System"",""Interview Management"",""Offer Management"",""On boarding"",""Talent Acquisition Report"",""Raise Exit Request"",""Process Exit Request"",""Generate Exit Certificate"",""Exit Employee Report Details"",User,""User Roles"",""Manage Users"",""Access Control"",""Menu & Page Master"",Configuration,""Alert & Notification"",""Manage Reference Item"",""Manage Reference Item Link"",""Country & Province Master"",""Upload Data"",""Tools & Technology"",""Organization Branding""}",1,1,2,1,1
8,2018-09-24 20:03:23.605357+05:30,2018-10-25 18:51:10.958958+05:30,t,"{""Payroll Setup"",""Payroll Report"",""Tax Declaration Configuration"",""Tax Declaration Form"",""My Payslip"",""Talent Inventory"",""Role Definition"",""View Reporting Structure"",""Talent Inventory Reports"",""Talent Profiling"",""Competency Assessment"",""Talent Matrix"",""Accolades Management"",""My Talent Profile"",""Holiday Administration"",""Holiday Details"",""Leave Administration"",""Raise Leave Request"",""Holiday/Leave Calendar"",""Process Leave Request"",""Work Time Management"",""Attendance Configuration"",""Asset Management"",""Manual Attendance"",""Attendance Records"",""Balanced Scorecard"",""Objectives & Key Results"",""Cascade Objectives"",""Assessment Configuration"",""Assessment Form Setup"",""Assessment Schedule Setup"",""Performance Assessment"",""Performance Dashboard"",""Training Management"",""Training Creation"",""Internship Training"",""Training Request"",""Raise Training Request"",""Process Training Request"",""Training Recommendation"",""General Recommendation"",""Management & TL Recommendation"",""Training Results"",""Training Cost & Budget"",""Raise Budget Request"",""Process Budget Request"",""Identify Key Roles"",""Successor Hierarchy"",""Potential Successors"",""Transfer Request"",""Promotion Request"",""Demotion Request"",""Reassignment Process"",""Transfer Process"",""Promotion Process"",""Demotion Process"",""Succession Planning Report"",""Strategy Analysis"",""Structure Analysis"",""job Requisition Analysis"",""Workforce Request"",""Job Openings"",""Candidate Tracking System"",""Interview Management"",""Offer Management"",""On boarding"",""Talent Acquisition Report"",""Raise Exit Request"",""Process Exit Request"",""Generate Exit Certificate"",""Exit Employee Report Details"",User,""User Roles"",""Manage Users"",""Access Control"",""Menu & Page Master"",Configuration,""Alert & Notification"",""Manage Reference Item"",""Manage Reference Item Link"",""Country & Province Master"",""Upload Data"",""Tools & Technology"",""Organization Branding""}",1,1,3,1,1
9,2018-09-24 20:03:23.629961+05:30,2018-10-25 18:51:10.966003+05:30,t,"{Organization,""Organization Unit"",Division,""Organization Hierarchical"",""Manage Employee"",""Employee Details"",""Employee List"",""Employee Hierarchy"",""ID Card Generation"",""HR Foundation Reports"",""Employee Report"",""Payroll Setup"",""Payroll Report"",""Tax Declaration Configuration"",""Tax Declaration Form"",""My Payslip"",""Talent Inventory"",""Role Definition"",""View Reporting Structure"",""Talent Inventory Reports"",""Talent Profiling"",""Competency Assessment"",""Talent Matrix"",""Accolades Management"",""My Talent Profile"",""Holiday Administration"",""Holiday Details"",""Leave Administration"",""Raise Leave Request"",""Holiday/Leave Calendar"",""Process Leave Request"",""Work Time Management"",""Attendance Configuration"",""Asset Management"",""Manual Attendance"",""Attendance Records"",""Balanced Scorecard"",""Objectives & Key Results"",""Cascade Objectives"",""Assessment Configuration"",""Assessment Form Setup"",""Assessment Schedule Setup"",""Performance Assessment"",""Performance Dashboard"",""Training Management"",""Training Creation"",""Internship Training"",""Training Request"",""Raise Training Request"",""Process Training Request"",""Training Recommendation"",""General Recommendation"",""Management & TL Recommendation"",""Training Results"",""Training Cost & Budget"",""Raise Budget Request"",""Process Budget Request"",""Identify Key Roles"",""Successor Hierarchy"",""Potential Successors"",""Transfer Request"",""Promotion Request"",""Demotion Request"",""Reassignment Process"",""Transfer Process"",""Promotion Process"",""Demotion Process"",""Succession Planning Report"",""Strategy Analysis"",""Structure Analysis"",""job Requisition Analysis"",""Workforce Request"",""Job Openings"",""Candidate Tracking System"",""Interview Management"",""Offer Management"",""On boarding"",""Talent Acquisition Report"",""Raise Exit Request"",""Process Exit Request"",""Generate Exit Certificate"",""Exit Employee Report Details"",User,""User Roles"",""Manage Users"",""Access Control"",""Menu & Page Master"",Configuration,""Alert & Notification"",""Manage Reference Item"",""Manage Reference Item Link"",""Country & Province Master"",""Upload Data"",""Tools & Technology"",""Organization Branding""}",1,1,4,1,1
21,2018-10-24 12:50:46.017539+05:30,2018-10-25 19:20:21.763726+05:30,t,"{""HR Foundation"",""Manage Organization"",Organization,""Organization Unit"",Division,""Organization Hierarchical"",""Manage Employee"",""Employee Details"",""Employee List"",""Employee Hierarchy"",""ID Card Generation"",""HR Foundation Reports"",""Employee Report"",""Talent Management"",""Talent Inventory"",""Role Definition"",""View Reporting Structure"",""Talent Inventory Reports"",""Talent Profiling"",""Competency Assessment"",""Talent Matrix"",""Accolades Management"",""My Talent Profile"",""Leave Management"",""Holiday Administration"",""Holiday Details"",""Leave Administration"",""Raise Leave Request"",""Holiday/Leave Calendar"",""Process Leave Request"",""Workforce Administration"",""Work Time Management"",""Attendance Configuration"",""Asset Management"",""Manual Attendance"",""Attendance Records"",""Performance Management"",""Balanced Scorecard"",""Objectives & Key Results"",""Cascade Objectives"",""Assessment Configuration"",""Assessment Form Setup"",""Assessment Schedule Setup"",""Performance Assessment"",""Performance Dashboard"",""Learning & Development"",""Training Management"",""Training Creation"",""Internship Training"",""Training Request"",""Raise Training Request"",""Process Training Request"",""Training Recommendation"",""General Recommendation"",""Management & TL Recommendation"",""Training Results"",""Training Cost & Budget"",""Raise Budget Request"",""Process Budget Request"",""Succession Planning"",""Identify Key Roles"",""Successor Hierarchy"",""Potential Successors"",""Transfer Request"",""Promotion Request"",""Demotion Request"",""Reassignment Process"",""Transfer Process"",""Promotion Process"",""Demotion Process"",""Succession Planning Report"",""Workforce Planning"",""Strategy Analysis"",""Structure Analysis"",""job Requisition Analysis"",""Workforce Request"",""Talent Acquisition"",""Job Openings"",""Candidate Tracking System"",""Interview Management"",""Offer Management"",""On boarding"",""Talent Acquisition Report"",""Exit Management"",""Raise Exit Request"",""Process Exit Request"",""Generate Exit Certificate"",""Exit Employee Report Details"",AppAdmin,User,""User Roles"",""Manage Users"",""Access Control"",""Menu & Page Master"",Configuration,""Alert & Notification"",""Manage Reference Item"",""Manage Reference Item Link"",""Country & Province Master"",""Upload Data"",""Tools & Technology"",""Organization Branding""}",1,1,1,7,6
22,2018-10-24 12:50:46.622804+05:30,2018-10-25 19:20:21.783831+05:30,t,"{""Raise Leave Request""}",1,1,2,7,6
23,2018-10-24 12:50:46.691793+05:30,2018-10-25 19:20:21.793768+05:30,t,{},1,1,3,7,6
24,2018-10-24 12:50:46.69985+05:30,2018-10-25 19:20:21.836923+05:30,t,{},1,1,4,7,6
25,2018-10-24 12:50:46.708477+05:30,2018-10-25 19:20:21.8623+05:30,t,"{""HR Foundation"",""Manage Organization"",Organization,""Organization Unit"",Division,""Organization Hierarchical"",""Manage Employee"",""Employee Details"",""Employee List"",""Employee Hierarchy"",""ID Card Generation"",""HR Foundation Reports"",""Employee Report"",""Talent Management"",""Talent Inventory"",""Role Definition"",""View Reporting Structure"",""Talent Inventory Reports"",""Talent Profiling"",""Competency Assessment"",""Talent Matrix"",""Accolades Management"",""My Talent Profile"",""Leave Management"",""Holiday Administration"",""Holiday Details"",""Leave Administration"",""Raise Leave Request"",""Holiday/Leave Calendar"",""Process Leave Request"",""Workforce Administration"",""Work Time Management"",""Attendance Configuration"",""Asset Management"",""Manual Attendance"",""Attendance Records"",""Performance Management"",""Balanced Scorecard"",""Objectives & Key Results"",""Cascade Objectives"",""Assessment Configuration"",""Assessment Form Setup"",""Assessment Schedule Setup"",""Performance Assessment"",""Performance Dashboard"",""Learning & Development"",""Training Management"",""Training Creation"",""Internship Training"",""Training Request"",""Raise Training Request"",""Process Training Request"",""Training Recommendation"",""General Recommendation"",""Management & TL Recommendation"",""Training Results"",""Training Cost & Budget"",""Raise Budget Request"",""Process Budget Request"",""Succession Planning"",""Identify Key Roles"",""Successor Hierarchy"",""Potential Successors"",""Transfer Request"",""Promotion Request"",""Demotion Request"",""Reassignment Process"",""Transfer Process"",""Promotion Process"",""Demotion Process"",""Succession Planning Report"",""Workforce Planning"",""Strategy Analysis"",""Structure Analysis"",""job Requisition Analysis"",""Workforce Request"",""Talent Acquisition"",""Job Openings"",""Candidate Tracking System"",""Interview Management"",""Offer Management"",""On boarding"",""Talent Acquisition Report"",""Exit Management"",""Raise Exit Request"",""Process Exit Request"",""Generate Exit Certificate"",""Exit Employee Report Details"",AppAdmin,User,""User Roles"",""Manage Users"",""Access Control"",""Menu & Page Master"",Configuration,""Alert & Notification"",""Manage Reference Item"",""Manage Reference Item Link"",""Country & Province Master"",""Upload Data"",""Tools & Technology"",""Organization Branding""}",1,1,1,7,5
26,2018-10-24 12:50:46.723694+05:30,2018-10-25 19:20:21.875479+05:30,t,"{""Raise Leave Request""}",1,1,2,7,5
27,2018-10-24 12:50:46.735915+05:30,2018-10-25 19:20:21.88426+05:30,t,{},1,1,3,7,5
28,2018-10-24 12:50:46.754754+05:30,2018-10-25 19:20:21.892989+05:30,t,{},1,1,4,7,5
29,2018-10-24 14:16:57.084545+05:30,2018-10-25 19:17:45.554907+05:30,t,"{""HR Foundation"",""Manage Organization"",Organization,""Organization Hierarchical"",""Manage Employee"",""Employee Details"",""Raise Leave Request"",""Holiday/Leave Calendar""}",1,1,1,5,3
30,2018-10-24 14:16:57.107786+05:30,2018-10-25 19:17:45.575397+05:30,t,"{""Raise Leave Request""}",1,1,2,5,3
31,2018-10-24 14:16:57.115583+05:30,2018-10-25 19:17:45.583684+05:30,t,{},1,1,3,5,3
32,2018-10-24 14:16:57.13247+05:30,2018-10-25 19:17:45.591204+05:30,t,{},1,1,4,5,3
33,2018-10-24 14:18:55.75943+05:30,2018-10-25 19:21:36.721025+05:30,t,"{""HR Foundation"",""Manage Organization"",Organization,""Organization Unit"",Division,""Organization Hierarchical"",""Manage Employee"",""Employee Details"",""Employee List"",""Employee Hierarchy"",""ID Card Generation"",""HR Foundation Reports"",""Employee Report"",""Compensation Management"",""Payroll Setup"",""Payroll Report"",""Tax Declaration Configuration"",""Tax Declaration Form"",""My Payslip"",""Talent Management"",""Talent Inventory"",""Role Definition"",""View Reporting Structure"",""Talent Inventory Reports"",""Talent Profiling"",""Competency Assessment"",""Talent Matrix"",""Accolades Management"",""My Talent Profile"",""Leave Management"",""Holiday Administration"",""Holiday Details"",""Leave Administration"",""Raise Leave Request"",""Holiday/Leave Calendar"",""Process Leave Request"",""Workforce Administration"",""Work Time Management"",""Attendance Configuration"",""Asset Management"",""Manual Attendance"",""Attendance Records"",""Performance Management"",""Balanced Scorecard"",""Objectives & Key Results"",""Cascade Objectives"",""Assessment Configuration"",""Assessment Form Setup"",""Assessment Schedule Setup"",""Performance Assessment"",""Performance Dashboard"",""Learning & Development"",""Training Management"",""Training Creation"",""Internship Training"",""Training Request"",""Raise Training Request"",""Process Training Request"",""Training Recommendation"",""General Recommendation"",""Management & TL Recommendation"",""Training Results"",""Training Cost & Budget"",""Raise Budget Request"",""Process Budget Request"",""Succession Planning"",""Identify Key Roles"",""Successor Hierarchy"",""Potential Successors"",""Transfer Request"",""Promotion Request"",""Demotion Request"",""Reassignment Process"",""Transfer Process"",""Promotion Process"",""Demotion Process"",""Succession Planning Report"",""Workforce Planning"",""Strategy Analysis"",""Structure Analysis"",""job Requisition Analysis"",""Workforce Request"",""Talent Acquisition"",""Job Openings"",""Candidate Tracking System"",""Interview Management"",""Offer Management"",""On boarding"",""Talent Acquisition Report"",""Exit Management"",""Raise Exit Request"",""Process Exit Request"",""Generate Exit Certificate"",""Exit Employee Report Details"",AppAdmin,User,""User Roles"",""Manage Users"",""Access Control"",""Menu & Page Master"",Configuration,""Alert & Notification"",""Manage Reference Item"",""Manage Reference Item Link"",""Country & Province Master"",""Upload Data"",""Tools & Technology"",""Organization Branding""}",1,1,1,4,2
34,2018-10-24 14:18:55.774599+05:30,2018-10-25 19:21:36.735424+05:30,t,"{Organization,""Organization Unit"",Division,""Organization Hierarchical"",""Manage Employee"",""Employee Details"",""Employee List"",""Employee Hierarchy"",""ID Card Generation"",""HR Foundation Reports"",""Employee Report"",""Payroll Setup"",""Payroll Report"",""Tax Declaration Configuration"",""Tax Declaration Form"",""My Payslip"",""Talent Inventory"",""Role Definition"",""View Reporting Structure"",""Talent Inventory Reports"",""Talent Profiling"",""Competency Assessment"",""Talent Matrix"",""Accolades Management"",""My Talent Profile"",""Holiday Administration"",""Holiday Details"",""Leave Administration"",""Raise Leave Request"",""Holiday/Leave Calendar"",""Process Leave Request"",""Work Time Management"",""Attendance Configuration"",""Asset Management"",""Manual Attendance"",""Attendance Records"",""Balanced Scorecard"",""Objectives & Key Results"",""Cascade Objectives"",""Assessment Configuration"",""Assessment Form Setup"",""Assessment Schedule Setup"",""Performance Assessment"",""Performance Dashboard"",""Training Management"",""Training Creation"",""Internship Training"",""Training Request"",""Raise Training Request"",""Process Training Request"",""Training Recommendation"",""General Recommendation"",""Management & TL Recommendation"",""Training Results"",""Training Cost & Budget"",""Raise Budget Request"",""Process Budget Request"",""Identify Key Roles"",""Successor Hierarchy"",""Potential Successors"",""Transfer Request"",""Promotion Request"",""Demotion Request"",""Reassignment Process"",""Transfer Process"",""Promotion Process"",""Demotion Process"",""Succession Planning Report"",""Strategy Analysis"",""Structure Analysis"",""job Requisition Analysis"",""Workforce Request"",""Job Openings"",""Candidate Tracking System"",""Interview Management"",""Offer Management"",""On boarding"",""Talent Acquisition Report"",""Raise Exit Request"",""Process Exit Request"",""Generate Exit Certificate"",""Exit Employee Report Details"",User,""User Roles"",""Manage Users"",""Access Control"",""Menu & Page Master"",Configuration,""Alert & Notification"",""Manage Reference Item"",""Manage Reference Item Link"",""Country & Province Master"",""Upload Data"",""Tools & Technology"",""Organization Branding""}",1,1,2,4,2
35,2018-10-24 14:18:55.783138+05:30,2018-10-25 19:21:36.742124+05:30,t,"{Organization,""Organization Unit"",Division,""Organization Hierarchical"",""Manage Employee"",""Employee Details"",""Employee List"",""Employee Hierarchy"",""ID Card Generation"",""HR Foundation Reports"",""Employee Report"",""Payroll Setup"",""Payroll Report"",""Tax Declaration Configuration"",""Tax Declaration Form"",""My Payslip"",""Talent Inventory"",""Role Definition"",""View Reporting Structure"",""Talent Inventory Reports"",""Talent Profiling"",""Competency Assessment"",""Talent Matrix"",""Accolades Management"",""My Talent Profile"",""Holiday Administration"",""Holiday Details"",""Leave Administration"",""Raise Leave Request"",""Holiday/Leave Calendar"",""Process Leave Request"",""Work Time Management"",""Attendance Configuration"",""Asset Management"",""Manual Attendance"",""Attendance Records"",""Balanced Scorecard"",""Objectives & Key Results"",""Cascade Objectives"",""Assessment Configuration"",""Assessment Form Setup"",""Assessment Schedule Setup"",""Performance Assessment"",""Performance Dashboard"",""Training Management"",""Training Creation"",""Internship Training"",""Training Request"",""Raise Training Request"",""Process Training Request"",""Training Recommendation"",""General Recommendation"",""Management & TL Recommendation"",""Training Results"",""Training Cost & Budget"",""Raise Budget Request"",""Process Budget Request"",""Identify Key Roles"",""Successor Hierarchy"",""Potential Successors"",""Transfer Request"",""Promotion Request"",""Demotion Request"",""Reassignment Process"",""Transfer Process"",""Promotion Process"",""Demotion Process"",""Succession Planning Report"",""Strategy Analysis"",""Structure Analysis"",""job Requisition Analysis"",""Workforce Request"",""Job Openings"",""Candidate Tracking System"",""Interview Management"",""Offer Management"",""On boarding"",""Talent Acquisition Report"",""Raise Exit Request"",""Process Exit Request"",""Generate Exit Certificate"",""Exit Employee Report Details"",User,""User Roles"",""Manage Users"",""Access Control"",""Menu & Page Master"",Configuration,""Alert & Notification"",""Manage Reference Item"",""Manage Reference Item Link"",""Country & Province Master"",""Upload Data"",""Tools & Technology"",""Organization Branding""}",1,1,3,4,2
36,2018-10-24 14:18:55.79118+05:30,2018-10-25 19:21:36.750691+05:30,t,"{Organization,""Organization Unit"",Division,""Organization Hierarchical"",""Manage Employee"",""Employee Details"",""Employee List"",""Employee Hierarchy"",""ID Card Generation"",""HR Foundation Reports"",""Employee Report"",""Payroll Setup"",""Payroll Report"",""Tax Declaration Configuration"",""Tax Declaration Form"",""My Payslip"",""Talent Inventory"",""Role Definition"",""View Reporting Structure"",""Talent Inventory Reports"",""Talent Profiling"",""Competency Assessment"",""Talent Matrix"",""Accolades Management"",""My Talent Profile"",""Holiday Administration"",""Holiday Details"",""Leave Administration"",""Raise Leave Request"",""Holiday/Leave Calendar"",""Process Leave Request"",""Work Time Management"",""Attendance Configuration"",""Asset Management"",""Manual Attendance"",""Attendance Records"",""Balanced Scorecard"",""Objectives & Key Results"",""Cascade Objectives"",""Assessment Configuration"",""Assessment Form Setup"",""Assessment Schedule Setup"",""Performance Assessment"",""Performance Dashboard"",""Training Management"",""Training Creation"",""Internship Training"",""Training Request"",""Raise Training Request"",""Process Training Request"",""Training Recommendation"",""General Recommendation"",""Management & TL Recommendation"",""Training Results"",""Training Cost & Budget"",""Raise Budget Request"",""Process Budget Request"",""Identify Key Roles"",""Successor Hierarchy"",""Potential Successors"",""Transfer Request"",""Promotion Request"",""Demotion Request"",""Reassignment Process"",""Transfer Process"",""Promotion Process"",""Demotion Process"",""Succession Planning Report"",""Strategy Analysis"",""Structure Analysis"",""job Requisition Analysis"",""Workforce Request"",""Job Openings"",""Candidate Tracking System"",""Interview Management"",""Offer Management"",""On boarding"",""Talent Acquisition Report"",""Raise Exit Request"",""Process Exit Request"",""Generate Exit Certificate"",""Exit Employee Report Details"",User,""User Roles"",""Manage Users"",""Access Control"",""Menu & Page Master"",Configuration,""Alert & Notification"",""Manage Reference Item"",""Manage Reference Item Link"",""Country & Province Master"",""Upload Data"",""Tools & Technology"",""Organization Branding""}",1,1,4,4,2
37,2018-10-24 14:37:12.757395+05:30,2018-10-24 14:37:12.757451+05:30,t,"{""HR Foundation"",""Manage Employee"",Employee,""Leave Management"",""Request Leave""}",1,1,1,8,31
38,2018-10-24 14:37:12.783872+05:30,2018-10-24 14:37:12.783945+05:30,t,"{""Leave Management"",""Request Leave""}",1,1,2,8,31
39,2018-10-24 14:37:12.798705+05:30,2018-10-24 14:37:12.798773+05:30,t,"{""User Roles"",""Manage Users"",""Alert & Notification"",""Manage Reference Item"",""Manage Reference Item Link"",""Country & Province Master"",Organization,""Organization Unit"",Department,Employee,""Request Leave"",""Process Leave Request"",""Manage Leave Balance"",""Manage Holiday List"",Attendance,""Attendance Status"",""Shift Detail"",""Employee Mapping"",""Shift Roster"",""Attendance Configuration"",""Asset Management"",""Exit Employee Details"",""WFP Strategy Analysis"",""WFP Structure Analysis"",""WFP System Analysis""}",1,1,3,8,31
40,2018-10-24 14:37:12.812252+05:30,2018-10-24 14:37:12.812299+05:30,t,"{""Leave Management"",""Request Leave""}",1,1,4,8,31
41,2018-10-24 14:37:12.820403+05:30,2018-10-24 14:37:12.82045+05:30,t,"{""HR Foundation"",""Manage Employee"",Employee,""Leave Management"",""Request Leave""}",1,1,1,8,16
42,2018-10-24 14:37:12.830424+05:30,2018-10-24 14:37:12.830476+05:30,t,{},1,1,2,8,16
43,2018-10-24 14:37:12.879158+05:30,2018-10-24 14:37:12.879205+05:30,t,{},1,1,3,8,16
44,2018-10-24 14:37:12.978971+05:30,2018-10-24 14:37:12.979015+05:30,t,{},1,1,4,8,16
45,2018-10-24 18:44:47.345344+05:30,2018-10-24 18:44:47.345394+05:30,t,"{AppAdmin,User,""User Roles"",""Manage Users"",""Access Control"",""Menu & Page Master"",Configuration,""Alert & Notification"",""Manage Reference Item"",""Manage Reference Item Link"",""Upload Data"",""Country & Province Master"",""HR Foundation"",""Manage Organization"",Organization,""Organization Unit"",""Organization Hierarchical"",Department,""Manage Employee"",Employee,""Employee Hierarchical"",""Manage Leave"",""Request Leave"",""Process Leave Request"",""Manage Leave Balance"",""Manage Holiday List"",Reports,""Employee Report"",""Payroll Management"",""Contribution Register"",""Payment Advice"",""Salary Rule"",""Salary Structure"",""Salary Contract"",Payslip,""Payslip Report Generation"",Attendance,""Manage Attendance"",""Attendance Status"",""Past Attendance"",""Workforce Administration"",""Shift and Scheduling"",""Attendance Configuration"",""Asset Management"",""Exit Management"",""Exit Employee Details"",""WFP Strategy Analysis"",""WFP Structure Analysis"",""WFP System Analysis""}",1,1,1,1,25
46,2018-10-24 18:44:47.374957+05:30,2018-10-24 18:44:47.375003+05:30,t,"{""User Roles"",""Manage Users"",""Alert & Notification"",""Manage Reference Item"",""Manage Reference Item Link"",""Country & Province Master"",Organization,""Organization Unit"",Department,Employee,""Request Leave"",""Process Leave Request"",""Manage Leave Balance"",""Manage Holiday List"",Attendance,""Attendance Status"",""Shift Detail"",""Employee Mapping"",""Shift Roster"",""Attendance Configuration"",""Asset Management"",""Exit Employee Details"",""WFP Strategy Analysis"",""WFP Structure Analysis"",""WFP System Analysis""}",1,1,2,1,25
47,2018-10-24 18:44:47.383156+05:30,2018-10-24 18:44:47.383211+05:30,t,"{""User Roles"",""Manage Users"",""Alert & Notification"",""Manage Reference Item"",""Manage Reference Item Link"",""Country & Province Master"",Organization,""Organization Unit"",Department,Employee,""Request Leave"",""Process Leave Request"",""Manage Leave Balance"",""Manage Holiday List"",Attendance,""Attendance Status"",""Shift Detail"",""Employee Mapping"",""Shift Roster"",""Attendance Configuration"",""Asset Management"",""Exit Employee Details"",""WFP Strategy Analysis"",""WFP Structure Analysis"",""WFP System Analysis""}",1,1,3,1,25
48,2018-10-24 18:44:47.391528+05:30,2018-10-24 18:44:47.391576+05:30,t,{},1,1,4,1,25
49,2018-10-25 19:21:13.4153+05:30,2018-10-25 19:21:13.415364+05:30,t,"{""HR Foundation"",""Manage Organization"",Organization,""Organization Unit"",Division,""Organization Hierarchical"",""Manage Employee"",""Employee Details"",""Employee List"",""Employee Hierarchy"",""ID Card Generation"",""HR Foundation Reports"",""Employee Report"",""Compensation Management"",""Payroll Setup"",""Payroll Report"",""Tax Declaration Configuration"",""Tax Declaration Form"",""My Payslip"",""Talent Management"",""Talent Inventory"",""Role Definition"",""View Reporting Structure"",""Talent Inventory Reports"",""Talent Profiling"",""Competency Assessment"",""Talent Matrix"",""Accolades Management"",""My Talent Profile"",""Leave Management"",""Holiday Administration"",""Holiday Details"",""Leave Administration"",""Raise Leave Request"",""Holiday/Leave Calendar"",""Process Leave Request"",""Workforce Administration"",""Work Time Management"",""Attendance Configuration"",""Asset Management"",""Manual Attendance"",""Attendance Records"",""Performance Management"",""Balanced Scorecard"",""Objectives & Key Results"",""Cascade Objectives"",""Assessment Configuration"",""Assessment Form Setup"",""Assessment Schedule Setup"",""Performance Assessment"",""Performance Dashboard"",""Learning & Development"",""Training Management"",""Training Creation"",""Internship Training"",""Training Request"",""Raise Training Request"",""Process Training Request"",""Training Recommendation"",""General Recommendation"",""Management & TL Recommendation"",""Training Results"",""Training Cost & Budget"",""Raise Budget Request"",""Process Budget Request"",""Succession Planning"",""Identify Key Roles"",""Successor Hierarchy"",""Potential Successors"",""Transfer Request"",""Promotion Request"",""Demotion Request"",""Reassignment Process"",""Transfer Process"",""Promotion Process"",""Demotion Process"",""Succession Planning Report"",""Workforce Planning"",""Strategy Analysis"",""Structure Analysis"",""job Requisition Analysis"",""Workforce Request"",""Talent Acquisition"",""Job Openings"",""Candidate Tracking System"",""Interview Management"",""Offer Management"",""On boarding"",""Talent Acquisition Report"",""Exit Management"",""Raise Exit Request"",""Process Exit Request"",""Generate Exit Certificate"",""Exit Employee Report Details"",AppAdmin,User,""User Roles"",""Manage Users"",""Access Control"",""Menu & Page Master"",Configuration,""Alert & Notification"",""Manage Reference Item"",""Manage Reference Item Link"",""Country & Province Master"",""Upload Data"",""Tools & Technology"",""Organization Branding""}",1,1,1,2,4
50,2018-10-25 19:21:13.457956+05:30,2018-10-25 19:21:13.458003+05:30,t,"{Organization,""Organization Unit"",Division,""Organization Hierarchical"",""Manage Employee"",""Employee Details"",""Employee List"",""Employee Hierarchy"",""ID Card Generation"",""HR Foundation Reports"",""Employee Report"",""Payroll Setup"",""Payroll Report"",""Tax Declaration Configuration"",""Tax Declaration Form"",""My Payslip"",""Talent Inventory"",""Role Definition"",""View Reporting Structure"",""Talent Inventory Reports"",""Talent Profiling"",""Competency Assessment"",""Talent Matrix"",""Accolades Management"",""My Talent Profile"",""Holiday Administration"",""Holiday Details"",""Leave Administration"",""Raise Leave Request"",""Holiday/Leave Calendar"",""Process Leave Request"",""Work Time Management"",""Attendance Configuration"",""Asset Management"",""Manual Attendance"",""Attendance Records"",""Balanced Scorecard"",""Objectives & Key Results"",""Cascade Objectives"",""Assessment Configuration"",""Assessment Form Setup"",""Assessment Schedule Setup"",""Performance Assessment"",""Performance Dashboard"",""Training Management"",""Training Creation"",""Internship Training"",""Training Request"",""Raise Training Request"",""Process Training Request"",""Training Recommendation"",""General Recommendation"",""Management & TL Recommendation"",""Training Results"",""Training Cost & Budget"",""Raise Budget Request"",""Process Budget Request"",""Identify Key Roles"",""Successor Hierarchy"",""Potential Successors"",""Transfer Request"",""Promotion Request"",""Demotion Request"",""Reassignment Process"",""Transfer Process"",""Promotion Process"",""Demotion Process"",""Succession Planning Report"",""Strategy Analysis"",""Structure Analysis"",""job Requisition Analysis"",""Workforce Request"",""Job Openings"",""Candidate Tracking System"",""Interview Management"",""Offer Management"",""On boarding"",""Talent Acquisition Report"",""Raise Exit Request"",""Process Exit Request"",""Generate Exit Certificate"",""Exit Employee Report Details"",User,""User Roles"",""Manage Users"",""Access Control"",""Menu & Page Master"",Configuration,""Alert & Notification"",""Manage Reference Item"",""Manage Reference Item Link"",""Country & Province Master"",""Upload Data"",""Tools & Technology"",""Organization Branding""}",1,1,2,2,4
51,2018-10-25 19:21:13.465661+05:30,2018-10-25 19:21:13.465697+05:30,t,"{Organization,""Organization Unit"",Division,""Organization Hierarchical"",""Manage Employee"",""Employee Details"",""Employee List"",""Employee Hierarchy"",""ID Card Generation"",""HR Foundation Reports"",""Employee Report"",""Payroll Setup"",""Payroll Report"",""Tax Declaration Configuration"",""Tax Declaration Form"",""My Payslip"",""Talent Inventory"",""Role Definition"",""View Reporting Structure"",""Talent Inventory Reports"",""Talent Profiling"",""Competency Assessment"",""Talent Matrix"",""Accolades Management"",""My Talent Profile"",""Holiday Administration"",""Holiday Details"",""Leave Administration"",""Raise Leave Request"",""Holiday/Leave Calendar"",""Process Leave Request"",""Work Time Management"",""Attendance Configuration"",""Asset Management"",""Manual Attendance"",""Attendance Records"",""Balanced Scorecard"",""Objectives & Key Results"",""Cascade Objectives"",""Assessment Configuration"",""Assessment Form Setup"",""Assessment Schedule Setup"",""Performance Assessment"",""Performance Dashboard"",""Training Management"",""Training Creation"",""Internship Training"",""Training Request"",""Raise Training Request"",""Process Training Request"",""Training Recommendation"",""General Recommendation"",""Management & TL Recommendation"",""Training Results"",""Training Cost & Budget"",""Raise Budget Request"",""Process Budget Request"",""Identify Key Roles"",""Successor Hierarchy"",""Potential Successors"",""Transfer Request"",""Promotion Request"",""Demotion Request"",""Reassignment Process"",""Transfer Process"",""Promotion Process"",""Demotion Process"",""Succession Planning Report"",""Strategy Analysis"",""Structure Analysis"",""job Requisition Analysis"",""Workforce Request"",""Job Openings"",""Candidate Tracking System"",""Interview Management"",""Offer Management"",""On boarding"",""Talent Acquisition Report"",""Raise Exit Request"",""Process Exit Request"",""Generate Exit Certificate"",""Exit Employee Report Details"",User,""User Roles"",""Manage Users"",""Access Control"",""Menu & Page Master"",Configuration,""Alert & Notification"",""Manage Reference Item"",""Manage Reference Item Link"",""Country & Province Master"",""Upload Data"",""Tools & Technology"",""Organization Branding""}",1,1,3,2,4
52,2018-10-25 19:21:13.474429+05:30,2018-10-25 19:21:13.474503+05:30,t,"{Organization,""Organization Unit"",Division,""Organization Hierarchical"",""Manage Employee"",""Employee Details"",""Employee List"",""Employee Hierarchy"",""ID Card Generation"",""HR Foundation Reports"",""Employee Report"",""Payroll Setup"",""Payroll Report"",""Tax Declaration Configuration"",""Tax Declaration Form"",""My Payslip"",""Talent Inventory"",""Role Definition"",""View Reporting Structure"",""Talent Inventory Reports"",""Talent Profiling"",""Competency Assessment"",""Talent Matrix"",""Accolades Management"",""My Talent Profile"",""Holiday Administration"",""Holiday Details"",""Leave Administration"",""Raise Leave Request"",""Holiday/Leave Calendar"",""Process Leave Request"",""Work Time Management"",""Attendance Configuration"",""Asset Management"",""Manual Attendance"",""Attendance Records"",""Balanced Scorecard"",""Objectives & Key Results"",""Cascade Objectives"",""Assessment Configuration"",""Assessment Form Setup"",""Assessment Schedule Setup"",""Performance Assessment"",""Performance Dashboard"",""Training Management"",""Training Creation"",""Internship Training"",""Training Request"",""Raise Training Request"",""Process Training Request"",""Training Recommendation"",""General Recommendation"",""Management & TL Recommendation"",""Training Results"",""Training Cost & Budget"",""Raise Budget Request"",""Process Budget Request"",""Identify Key Roles"",""Successor Hierarchy"",""Potential Successors"",""Transfer Request"",""Promotion Request"",""Demotion Request"",""Reassignment Process"",""Transfer Process"",""Promotion Process"",""Demotion Process"",""Succession Planning Report"",""Strategy Analysis"",""Structure Analysis"",""job Requisition Analysis"",""Workforce Request"",""Job Openings"",""Candidate Tracking System"",""Interview Management"",""Offer Management"",""On boarding"",""Talent Acquisition Report"",""Raise Exit Request"",""Process Exit Request"",""Generate Exit Certificate"",""Exit Employee Report Details"",User,""User Roles"",""Manage Users"",""Access Control"",""Menu & Page Master"",Configuration,""Alert & Notification"",""Manage Reference Item"",""Manage Reference Item Link"",""Country & Province Master"",""Upload Data"",""Tools & Technology"",""Organization Branding""}",1,1,4,2,4
53,2018-10-25 19:21:54.633671+05:30,2018-10-25 19:21:54.633727+05:30,t,"{""HR Foundation"",""Manage Organization"",Organization,""Organization Unit"",Division,""Organization Hierarchical"",""Manage Employee"",""Employee Details"",""Employee List"",""Employee Hierarchy"",""ID Card Generation"",""HR Foundation Reports"",""Employee Report"",""Compensation Management"",""Payroll Setup"",""Payroll Report"",""Tax Declaration Configuration"",""Tax Declaration Form"",""My Payslip"",""Talent Management"",""Talent Inventory"",""Role Definition"",""View Reporting Structure"",""Talent Inventory Reports"",""Talent Profiling"",""Competency Assessment"",""Talent Matrix"",""Accolades Management"",""My Talent Profile"",""Leave Management"",""Holiday Administration"",""Holiday Details"",""Leave Administration"",""Raise Leave Request"",""Holiday/Leave Calendar"",""Process Leave Request"",""Workforce Administration"",""Work Time Management"",""Attendance Configuration"",""Asset Management"",""Manual Attendance"",""Attendance Records"",""Performance Management"",""Balanced Scorecard"",""Objectives & Key Results"",""Cascade Objectives"",""Assessment Configuration"",""Assessment Form Setup"",""Assessment Schedule Setup"",""Performance Assessment"",""Performance Dashboard"",""Learning & Development"",""Training Management"",""Training Creation"",""Internship Training"",""Training Request"",""Raise Training Request"",""Process Training Request"",""Training Recommendation"",""General Recommendation"",""Management & TL Recommendation"",""Training Results"",""Training Cost & Budget"",""Raise Budget Request"",""Process Budget Request"",""Succession Planning"",""Identify Key Roles"",""Successor Hierarchy"",""Potential Successors"",""Transfer Request"",""Promotion Request"",""Demotion Request"",""Reassignment Process"",""Transfer Process"",""Promotion Process"",""Demotion Process"",""Succession Planning Report"",""Workforce Planning"",""Strategy Analysis"",""Structure Analysis"",""job Requisition Analysis"",""Workforce Request"",""Talent Acquisition"",""Job Openings"",""Candidate Tracking System"",""Interview Management"",""Offer Management"",""On boarding"",""Talent Acquisition Report"",""Exit Management"",""Raise Exit Request"",""Process Exit Request"",""Generate Exit Certificate"",""Exit Employee Report Details"",AppAdmin,User,""User Roles"",""Manage Users"",""Access Control"",""Menu & Page Master"",Configuration,""Alert & Notification"",""Manage Reference Item"",""Manage Reference Item Link"",""Country & Province Master"",""Upload Data"",""Tools & Technology"",""Organization Branding""}",1,1,1,3,7
54,2018-10-25 19:21:54.667075+05:30,2018-10-25 19:21:54.66713+05:30,t,{},1,1,2,3,7
55,2018-10-25 19:21:54.67444+05:30,2018-10-25 19:21:54.674503+05:30,t,{},1,1,3,3,7
56,2018-10-25 19:21:54.682493+05:30,2018-10-25 19:21:54.682528+05:30,t,{},1,1,4,3,7
