id,created_date,is_active,kr_summary,start_date,end_date,assigned_type,created_by_id,employee_id,strategic_objectives_id
1,2018-10-25 11:57:17.294192+05:30,t,At least one commercial delivery per-quarter from each individual / along with the team.,2018-10-01,2018-12-31,Employee,1,67,1
2,2018-10-25 11:57:53.697687+05:30,t,Project and HR Hours Variance should be at less than 2%,2018-10-01,2018-12-31,Employee,1,67,1
3,2018-10-25 11:58:13.387356+05:30,t,Project Productivity should be 90% Minimum.,2018-10-01,2018-12-31,Employee,1,67,1
4,2018-10-25 11:58:30.971642+05:30,t,"All the Transformational policies, including, Policy-55, Policy-56, and Policy-57, should be complied 100%. 0% Deviations allowed.",2018-10-01,2018-12-31,Employee,1,67,1
5,2018-10-25 11:57:17.294192+05:30,t,100% of all Web and Mobile Customer Response Times to be under 1 second,2018-10-01,2018-12-31,Employee,1,67,2
6,2018-10-25 11:57:53.697687+05:30,t,100% backup and recovery for all artifacts for application operability,2018-10-01,2018-12-31,Employee,1,67,2
7,2018-10-25 11:58:13.387356+05:30,t,0% Vulnerability with Secure On – SAAAS security testing,2018-10-01,2018-12-31,Employee,1,67,2
8,2018-10-25 11:58:30.971642+05:30,t,100% ability to rollback releases incase of release problems,2018-10-01,2018-12-31,Employee,1,67,2
9,2018-10-25 11:57:17.294192+05:30,t,0% Blocker bugs (with Bugzilla),2018-10-01,2018-12-31,Employee,1,67,3
10,2018-10-25 11:57:53.697687+05:30,t,"Unit Test coverage at 75% (as indicated by the coverage tool) (Junit, PyUnit etc)",2018-10-01,2018-12-31,Employee,1,67,3
11,2018-10-25 11:58:13.387356+05:30,t,100% Code Review with at least one code-reviewer comment,2018-10-01,2018-12-31,Employee,1,67,3
12,2018-10-25 11:58:30.971642+05:30,t,100% delivery on planned delivery date,2018-10-01,2018-12-31,Employee,1,67,3
13,2018-10-25 11:57:17.294192+05:30,t,At least one commercial delivery per-quarter from each individual / along with the team.,2018-10-01,2018-12-31,Employee,1,73,4
14,2018-10-25 11:57:53.697687+05:30,t,Project and HR Hours Variance should be at less than 2%,2018-10-01,2018-12-31,Employee,1,73,4
15,2018-10-25 11:58:13.387356+05:30,t,Project Productivity should be 90% Minimum.,2018-10-01,2018-12-31,Employee,1,73,4
16,2018-10-25 11:58:30.971642+05:30,t,"All the Transformational policies, including, Policy-55, Policy-56, and Policy-57, should be complied 100%. 0% Deviations allowed.",2018-10-01,2018-12-31,Employee,1,73,4
17,2018-10-25 11:57:17.294192+05:30,t,100% of all Web and Mobile Customer Response Times to be under 1 second,2018-10-01,2018-12-31,Employee,1,73,5
18,2018-10-25 11:57:53.697687+05:30,t,100% backup and recovery for all artifacts for application operability,2018-10-01,2018-12-31,Employee,1,73,5
19,2018-10-25 11:58:13.387356+05:30,t,0% Vulnerability with Secure On – SAAAS security testing,2018-10-01,2018-12-31,Employee,1,73,5
20,2018-10-25 11:58:30.971642+05:30,t,100% ability to rollback releases incase of release problems,2018-10-01,2018-12-31,Employee,1,73,5
21,2018-10-25 11:57:17.294192+05:30,t,0% Blocker bugs (with Bugzilla),2018-10-01,2018-12-31,Employee,1,73,6
22,2018-10-25 11:57:53.697687+05:30,t,"Unit Test coverage at 75% (as indicated by the coverage tool) (Junit, PyUnit etc)",2018-10-01,2018-12-31,Employee,1,73,6
23,2018-10-25 11:58:13.387356+05:30,t,100% Code Review with at least one code-reviewer comment,2018-10-01,2018-12-31,Employee,1,73,6
24,2018-10-25 11:58:30.971642+05:30,t,100% delivery on planned delivery date,2018-10-01,2018-12-31,Employee,1,73,6
25,2018-10-25 11:57:17.294192+05:30,t,At least one commercial delivery per-quarter from each individual / along with the team.,2018-10-01,2018-12-31,Employee,1,75,7
26,2018-10-25 11:57:53.697687+05:30,t,Project and HR Hours Variance should be at less than 2%,2018-10-01,2018-12-31,Employee,1,75,7
27,2018-10-25 11:58:13.387356+05:30,t,Project Productivity should be 90% Minimum.,2018-10-01,2018-12-31,Employee,1,75,7
28,2018-10-25 11:58:30.971642+05:30,t,"All the Transformational policies, including, Policy-55, Policy-56, and Policy-57, should be complied 100%. 0% Deviations allowed.",2018-10-01,2018-12-31,Employee,1,75,7
29,2018-10-25 11:57:17.294192+05:30,t,100% of all Web and Mobile Customer Response Times to be under 1 second,2018-10-01,2018-12-31,Employee,1,75,8
30,2018-10-25 11:57:53.697687+05:30,t,100% backup and recovery for all artifacts for application operability,2018-10-01,2018-12-31,Employee,1,75,8
31,2018-10-25 11:58:13.387356+05:30,t,0% Vulnerability with Secure On – SAAAS security testing,2018-10-01,2018-12-31,Employee,1,75,8
32,2018-10-25 11:58:30.971642+05:30,t,100% ability to rollback releases incase of release problems,2018-10-01,2018-12-31,Employee,1,75,8
33,2018-10-25 11:57:17.294192+05:30,t,0% Blocker bugs (with Bugzilla),2018-10-01,2018-12-31,Employee,1,75,9
34,2018-10-25 11:57:53.697687+05:30,t,"Unit Test coverage at 75% (as indicated by the coverage tool) (Junit, PyUnit etc)",2018-10-01,2018-12-31,Employee,1,75,9
35,2018-10-25 11:58:13.387356+05:30,t,100% Code Review with at least one code-reviewer comment,2018-10-01,2018-12-31,Employee,1,75,9
36,2018-10-25 11:58:30.971642+05:30,t,100% delivery on planned delivery date,2018-10-01,2018-12-31,Employee,1,75,9
37,2018-10-25 11:57:17.294192+05:30,t,At least one commercial delivery per-quarter from each individual / along with the team.,2018-10-01,2018-12-31,Employee,1,75,10
38,2018-10-25 11:57:53.697687+05:30,t,Project and HR Hours Variance should be at less than 2%,2018-10-01,2018-12-31,Employee,1,75,10
39,2018-10-25 11:58:13.387356+05:30,t,Project Productivity should be 90% Minimum.,2018-10-01,2018-12-31,Employee,1,75,10
40,2018-10-25 11:58:30.971642+05:30,t,"All the Transformational policies, including, Policy-55, Policy-56, and Policy-57, should be complied 100%. 0% Deviations allowed.",2018-10-01,2018-12-31,Employee,1,75,10
41,2018-10-25 11:57:17.294192+05:30,t,100% of all Web and Mobile Customer Response Times to be under 1 second,2018-10-01,2018-12-31,Employee,1,75,11
42,2018-10-25 11:57:53.697687+05:30,t,100% backup and recovery for all artifacts for application operability,2018-10-01,2018-12-31,Employee,1,75,11
43,2018-10-25 11:58:13.387356+05:30,t,0% Vulnerability with Secure On – SAAAS security testing,2018-10-01,2018-12-31,Employee,1,75,11
44,2018-10-25 11:58:30.971642+05:30,t,100% ability to rollback releases incase of release problems,2018-10-01,2018-12-31,Employee,1,75,11
45,2018-10-25 11:57:17.294192+05:30,t,0% Blocker bugs (with Bugzilla),2018-10-01,2018-12-31,Employee,1,75,12
46,2018-10-25 11:57:53.697687+05:30,t,"Unit Test coverage at 75% (as indicated by the coverage tool) (Junit, PyUnit etc)",2018-10-01,2018-12-31,Employee,1,75,12
47,2018-10-25 11:58:13.387356+05:30,t,100% Code Review with at least one code-reviewer comment,2018-10-01,2018-12-31,Employee,1,75,12
48,2018-10-25 11:58:30.971642+05:30,t,100% delivery on planned delivery date,2018-10-01,2018-12-31,Employee,1,75,12
49,2018-10-25 11:57:17.294192+05:30,t,At least one commercial delivery per-quarter from each individual / along with the team.,2018-10-01,2018-12-31,Employee,1,75,13
50,2018-10-25 11:57:53.697687+05:30,t,Project and HR Hours Variance should be at less than 2%,2018-10-01,2018-12-31,Employee,1,75,13
51,2018-10-25 11:58:13.387356+05:30,t,Project Productivity should be 90% Minimum.,2018-10-01,2018-12-31,Employee,1,75,13
52,2018-10-25 11:58:30.971642+05:30,t,"All the Transformational policies, including, Policy-55, Policy-56, and Policy-57, should be complied 100%. 0% Deviations allowed.",2018-10-01,2018-12-31,Employee,1,75,13
53,2018-10-25 11:57:17.294192+05:30,t,100% of all Web and Mobile Customer Response Times to be under 1 second,2018-10-01,2018-12-31,Employee,1,75,14
54,2018-10-25 11:57:53.697687+05:30,t,100% backup and recovery for all artifacts for application operability,2018-10-01,2018-12-31,Employee,1,75,14
55,2018-10-25 11:58:13.387356+05:30,t,0% Vulnerability with Secure On – SAAAS security testing,2018-10-01,2018-12-31,Employee,1,75,14
56,2018-10-25 11:58:30.971642+05:30,t,100% ability to rollback releases incase of release problems,2018-10-01,2018-12-31,Employee,1,75,14
57,2018-10-25 11:57:17.294192+05:30,t,0% Blocker bugs (with Bugzilla),2018-10-01,2018-12-31,Employee,1,75,15
58,2018-10-25 11:57:53.697687+05:30,t,"Unit Test coverage at 75% (as indicated by the coverage tool) (Junit, PyUnit etc)",2018-10-01,2018-12-31,Employee,1,75,15
59,2018-10-25 11:58:13.387356+05:30,t,100% Code Review with at least one code-reviewer comment,2018-10-01,2018-12-31,Employee,1,75,15
60,2018-10-25 11:58:30.971642+05:30,t,100% delivery on planned delivery date,2018-10-01,2018-12-31,Employee,1,75,15
61,2018-10-25 11:57:17.294192+05:30,t,At least one commercial delivery per-quarter from each individual / along with the team.,2018-10-01,2018-12-31,Employee,1,79,13
62,2018-10-25 11:57:53.697687+05:30,t,Project and HR Hours Variance should be at less than 2%,2018-10-01,2018-12-31,Employee,1,79,13
63,2018-10-25 11:58:13.387356+05:30,t,Project Productivity should be 90% Minimum.,2018-10-01,2018-12-31,Employee,1,79,13
64,2018-10-25 11:58:30.971642+05:30,t,"All the Transformational policies, including, Policy-55, Policy-56, and Policy-57, should be complied 100%. 0% Deviations allowed.",2018-10-01,2018-12-31,Employee,1,79,13
65,2018-10-25 11:57:17.294192+05:30,t,100% of all Web and Mobile Customer Response Times to be under 1 second,2018-10-01,2018-12-31,Employee,1,79,14
66,2018-10-25 11:57:53.697687+05:30,t,100% backup and recovery for all artifacts for application operability,2018-10-01,2018-12-31,Employee,1,79,14
67,2018-10-25 11:58:13.387356+05:30,t,0% Vulnerability with Secure On – SAAAS security testing,2018-10-01,2018-12-31,Employee,1,79,14
68,2018-10-25 11:58:30.971642+05:30,t,100% ability to rollback releases incase of release problems,2018-10-01,2018-12-31,Employee,1,79,14
69,2018-10-25 11:57:17.294192+05:30,t,0% Blocker bugs (with Bugzilla),2018-10-01,2018-12-31,Employee,1,79,15
70,2018-10-25 11:57:53.697687+05:30,t,"Unit Test coverage at 75% (as indicated by the coverage tool) (Junit, PyUnit etc)",2018-10-01,2018-12-31,Employee,1,79,15
71,2018-10-25 11:58:13.387356+05:30,t,100% Code Review with at least one code-reviewer comment,2018-10-01,2018-12-31,Employee,1,79,15
72,2018-10-25 11:58:30.971642+05:30,t,100% delivery on planned delivery date,2018-10-01,2018-12-31,Employee,1,79,15
73,2018-10-25 11:57:17.294192+05:30,t,At least one commercial delivery per-quarter from each individual / along with the team.,2018-10-01,2018-12-31,Employee,1,80,16
74,2018-10-25 11:57:53.697687+05:30,t,Project and HR Hours Variance should be at less than 2%,2018-10-01,2018-12-31,Employee,1,80,16
75,2018-10-25 11:58:13.387356+05:30,t,Project Productivity should be 90% Minimum.,2018-10-01,2018-12-31,Employee,1,80,16
76,2018-10-25 11:58:30.971642+05:30,t,"All the Transformational policies, including, Policy-55, Policy-56, and Policy-57, should be complied 100%. 0% Deviations allowed.",2018-10-01,2018-12-31,Employee,1,80,16
77,2018-10-25 11:57:17.294192+05:30,t,100% of all Web and Mobile Customer Response Times to be under 1 second,2018-10-01,2018-12-31,Employee,1,80,17
78,2018-10-25 11:57:53.697687+05:30,t,100% backup and recovery for all artifacts for application operability,2018-10-01,2018-12-31,Employee,1,80,17
79,2018-10-25 11:58:13.387356+05:30,t,0% Vulnerability with Secure On – SAAAS security testing,2018-10-01,2018-12-31,Employee,1,80,17
80,2018-10-25 11:58:30.971642+05:30,t,100% ability to rollback releases incase of release problems,2018-10-01,2018-12-31,Employee,1,80,17
81,2018-10-25 11:57:17.294192+05:30,t,0% Blocker bugs (with Bugzilla),2018-10-01,2018-12-31,Employee,1,80,18
82,2018-10-25 11:57:53.697687+05:30,t,"Unit Test coverage at 75% (as indicated by the coverage tool) (Junit, PyUnit etc)",2018-10-01,2018-12-31,Employee,1,80,18
83,2018-10-25 11:58:13.387356+05:30,t,100% Code Review with at least one code-reviewer comment,2018-10-01,2018-12-31,Employee,1,80,18
84,2018-10-25 11:58:30.971642+05:30,t,100% delivery on planned delivery date,2018-10-01,2018-12-31,Employee,1,80,18
85,2018-10-25 11:57:17.294192+05:30,t,At least one commercial delivery per-quarter from each individual / along with the team.,2018-10-01,2018-12-31,Employee,1,81,19
86,2018-10-25 11:57:53.697687+05:30,t,Project and HR Hours Variance should be at less than 2%,2018-10-01,2018-12-31,Employee,1,81,19
87,2018-10-25 11:58:13.387356+05:30,t,Project Productivity should be 90% Minimum.,2018-10-01,2018-12-31,Employee,1,81,19
88,2018-10-25 11:58:30.971642+05:30,t,"All the Transformational policies, including, Policy-55, Policy-56, and Policy-57, should be complied 100%. 0% Deviations allowed.",2018-10-01,2018-12-31,Employee,1,81,19
89,2018-10-25 11:57:17.294192+05:30,t,100% of all Web and Mobile Customer Response Times to be under 1 second,2018-10-01,2018-12-31,Employee,1,81,20
90,2018-10-25 11:57:53.697687+05:30,t,100% backup and recovery for all artifacts for application operability,2018-10-01,2018-12-31,Employee,1,81,20
91,2018-10-25 11:58:13.387356+05:30,t,0% Vulnerability with Secure On – SAAAS security testing,2018-10-01,2018-12-31,Employee,1,81,20
92,2018-10-25 11:58:30.971642+05:30,t,100% ability to rollback releases incase of release problems,2018-10-01,2018-12-31,Employee,1,81,20
93,2018-10-25 11:57:17.294192+05:30,t,0% Blocker bugs (with Bugzilla),2018-10-01,2018-12-31,Employee,1,81,21
94,2018-10-25 11:57:53.697687+05:30,t,"Unit Test coverage at 75% (as indicated by the coverage tool) (Junit, PyUnit etc)",2018-10-01,2018-12-31,Employee,1,81,21
95,2018-10-25 11:58:13.387356+05:30,t,100% Code Review with at least one code-reviewer comment,2018-10-01,2018-12-31,Employee,1,81,21
96,2018-10-25 11:58:30.971642+05:30,t,100% delivery on planned delivery date,2018-10-01,2018-12-31,Employee,1,81,21
97,2018-10-25 11:57:17.294192+05:30,t,At least one commercial delivery per-quarter from each individual / along with the team.,2018-10-01,2018-12-31,Employee,1,82,22
98,2018-10-25 11:57:53.697687+05:30,t,Project and HR Hours Variance should be at less than 2%,2018-10-01,2018-12-31,Employee,1,82,22
99,2018-10-25 11:58:13.387356+05:30,t,Project Productivity should be 90% Minimum.,2018-10-01,2018-12-31,Employee,1,82,22
100,2018-10-25 11:58:30.971642+05:30,t,"All the Transformational policies, including, Policy-55, Policy-56, and Policy-57, should be complied 100%. 0% Deviations allowed.",2018-10-01,2018-12-31,Employee,1,82,22
101,2018-10-25 11:57:17.294192+05:30,t,100% of all Web and Mobile Customer Response Times to be under 1 second,2018-10-01,2018-12-31,Employee,1,82,23
102,2018-10-25 11:57:53.697687+05:30,t,100% backup and recovery for all artifacts for application operability,2018-10-01,2018-12-31,Employee,1,82,23
103,2018-10-25 11:58:13.387356+05:30,t,0% Vulnerability with Secure On – SAAAS security testing,2018-10-01,2018-12-31,Employee,1,82,23
104,2018-10-25 11:58:30.971642+05:30,t,100% ability to rollback releases incase of release problems,2018-10-01,2018-12-31,Employee,1,82,23
105,2018-10-25 11:57:17.294192+05:30,t,0% Blocker bugs (with Bugzilla),2018-10-01,2018-12-31,Employee,1,82,24
106,2018-10-25 11:57:53.697687+05:30,t,"Unit Test coverage at 75% (as indicated by the coverage tool) (Junit, PyUnit etc)",2018-10-01,2018-12-31,Employee,1,82,24
107,2018-10-25 11:58:13.387356+05:30,t,100% Code Review with at least one code-reviewer comment,2018-10-01,2018-12-31,Employee,1,82,24
108,2018-10-25 11:58:30.971642+05:30,t,100% delivery on planned delivery date,2018-10-01,2018-12-31,Employee,1,82,24
109,2018-10-25 11:57:17.294192+05:30,t,At least one commercial delivery per-quarter from each individual / along with the team.,2018-10-01,2018-12-31,Employee,1,83,25
110,2018-10-25 11:57:53.697687+05:30,t,Project and HR Hours Variance should be at less than 2%,2018-10-01,2018-12-31,Employee,1,83,25
111,2018-10-25 11:58:13.387356+05:30,t,Project Productivity should be 90% Minimum.,2018-10-01,2018-12-31,Employee,1,83,25
112,2018-10-25 11:58:30.971642+05:30,t,"All the Transformational policies, including, Policy-55, Policy-56, and Policy-57, should be complied 100%. 0% Deviations allowed.",2018-10-01,2018-12-31,Employee,1,83,25
113,2018-10-25 11:57:17.294192+05:30,t,100% of all Web and Mobile Customer Response Times to be under 1 second,2018-10-01,2018-12-31,Employee,1,83,26
114,2018-10-25 11:57:53.697687+05:30,t,100% backup and recovery for all artifacts for application operability,2018-10-01,2018-12-31,Employee,1,83,26
115,2018-10-25 11:58:13.387356+05:30,t,0% Vulnerability with Secure On – SAAAS security testing,2018-10-01,2018-12-31,Employee,1,83,26
116,2018-10-25 11:58:30.971642+05:30,t,100% ability to rollback releases incase of release problems,2018-10-01,2018-12-31,Employee,1,83,26
117,2018-10-25 11:57:17.294192+05:30,t,0% Blocker bugs (with Bugzilla),2018-10-01,2018-12-31,Employee,1,83,27
118,2018-10-25 11:57:53.697687+05:30,t,"Unit Test coverage at 75% (as indicated by the coverage tool) (Junit, PyUnit etc)",2018-10-01,2018-12-31,Employee,1,83,27
119,2018-10-25 11:58:13.387356+05:30,t,100% Code Review with at least one code-reviewer comment,2018-10-01,2018-12-31,Employee,1,83,27
120,2018-10-25 11:58:30.971642+05:30,t,100% delivery on planned delivery date,2018-10-01,2018-12-31,Employee,1,83,27
121,2018-10-25 11:57:17.294192+05:30,t,At least one commercial delivery per-quarter from each individual / along with the team.,2018-10-01,2018-12-31,Employee,1,84,28
122,2018-10-25 11:57:53.697687+05:30,t,Project and HR Hours Variance should be at less than 2%,2018-10-01,2018-12-31,Employee,1,84,28
123,2018-10-25 11:58:13.387356+05:30,t,Project Productivity should be 90% Minimum.,2018-10-01,2018-12-31,Employee,1,84,28
124,2018-10-25 11:58:30.971642+05:30,t,"All the Transformational policies, including, Policy-55, Policy-56, and Policy-57, should be complied 100%. 0% Deviations allowed.",2018-10-01,2018-12-31,Employee,1,84,28
125,2018-10-25 11:57:17.294192+05:30,t,100% of all Web and Mobile Customer Response Times to be under 1 second,2018-10-01,2018-12-31,Employee,1,84,29
126,2018-10-25 11:57:53.697687+05:30,t,100% backup and recovery for all artifacts for application operability,2018-10-01,2018-12-31,Employee,1,84,29
127,2018-10-25 11:58:13.387356+05:30,t,0% Vulnerability with Secure On – SAAAS security testing,2018-10-01,2018-12-31,Employee,1,84,29
128,2018-10-25 11:58:30.971642+05:30,t,100% ability to rollback releases incase of release problems,2018-10-01,2018-12-31,Employee,1,84,29
129,2018-10-25 11:57:17.294192+05:30,t,0% Blocker bugs (with Bugzilla),2018-10-01,2018-12-31,Employee,1,84,30
130,2018-10-25 11:57:53.697687+05:30,t,"Unit Test coverage at 75% (as indicated by the coverage tool) (Junit, PyUnit etc)",2018-10-01,2018-12-31,Employee,1,84,30
131,2018-10-25 11:58:13.387356+05:30,t,100% Code Review with at least one code-reviewer comment,2018-10-01,2018-12-31,Employee,1,84,30
132,2018-10-25 11:58:30.971642+05:30,t,100% delivery on planned delivery date,2018-10-01,2018-12-31,Employee,1,84,30
133,2018-10-25 11:57:17.294192+05:30,t,At least one commercial delivery per-quarter from each individual / along with the team.,2018-10-01,2018-12-31,Employee,1,85,31
134,2018-10-25 11:57:53.697687+05:30,t,Project and HR Hours Variance should be at less than 2%,2018-10-01,2018-12-31,Employee,1,85,31
135,2018-10-25 11:58:13.387356+05:30,t,Project Productivity should be 90% Minimum.,2018-10-01,2018-12-31,Employee,1,85,31
136,2018-10-25 11:58:30.971642+05:30,t,"All the Transformational policies, including, Policy-55, Policy-56, and Policy-57, should be complied 100%. 0% Deviations allowed.",2018-10-01,2018-12-31,Employee,1,85,31
137,2018-10-25 11:57:17.294192+05:30,t,100% of all Web and Mobile Customer Response Times to be under 1 second,2018-10-01,2018-12-31,Employee,1,85,32
138,2018-10-25 11:57:53.697687+05:30,t,100% backup and recovery for all artifacts for application operability,2018-10-01,2018-12-31,Employee,1,85,32
139,2018-10-25 11:58:13.387356+05:30,t,0% Vulnerability with Secure On – SAAAS security testing,2018-10-01,2018-12-31,Employee,1,85,32
140,2018-10-25 11:58:30.971642+05:30,t,100% ability to rollback releases incase of release problems,2018-10-01,2018-12-31,Employee,1,85,32
141,2018-10-25 11:57:17.294192+05:30,t,0% Blocker bugs (with Bugzilla),2018-10-01,2018-12-31,Employee,1,85,33
142,2018-10-25 11:57:53.697687+05:30,t,"Unit Test coverage at 75% (as indicated by the coverage tool) (Junit, PyUnit etc)",2018-10-01,2018-12-31,Employee,1,85,33
143,2018-10-25 11:58:13.387356+05:30,t,100% Code Review with at least one code-reviewer comment,2018-10-01,2018-12-31,Employee,1,85,33
144,2018-10-25 11:58:30.971642+05:30,t,100% delivery on planned delivery date,2018-10-01,2018-12-31,Employee,1,85,33
145,2018-10-25 11:57:17.294192+05:30,t,At least one commercial delivery per-quarter from each individual / along with the team.,2018-10-01,2018-12-31,Employee,1,86,34
146,2018-10-25 11:57:53.697687+05:30,t,Project and HR Hours Variance should be at less than 2%,2018-10-01,2018-12-31,Employee,1,86,34
147,2018-10-25 11:58:13.387356+05:30,t,Project Productivity should be 90% Minimum.,2018-10-01,2018-12-31,Employee,1,86,34
148,2018-10-25 11:58:30.971642+05:30,t,"All the Transformational policies, including, Policy-55, Policy-56, and Policy-57, should be complied 100%. 0% Deviations allowed.",2018-10-01,2018-12-31,Employee,1,86,34
149,2018-10-25 11:57:17.294192+05:30,t,100% of all Web and Mobile Customer Response Times to be under 1 second,2018-10-01,2018-12-31,Employee,1,86,35
150,2018-10-25 11:57:53.697687+05:30,t,100% backup and recovery for all artifacts for application operability,2018-10-01,2018-12-31,Employee,1,86,35
151,2018-10-25 11:58:13.387356+05:30,t,0% Vulnerability with Secure On – SAAAS security testing,2018-10-01,2018-12-31,Employee,1,86,35
152,2018-10-25 11:58:30.971642+05:30,t,100% ability to rollback releases incase of release problems,2018-10-01,2018-12-31,Employee,1,86,35
153,2018-10-25 11:57:17.294192+05:30,t,0% Blocker bugs (with Bugzilla),2018-10-01,2018-12-31,Employee,1,86,36
154,2018-10-25 11:57:53.697687+05:30,t,"Unit Test coverage at 75% (as indicated by the coverage tool) (Junit, PyUnit etc)",2018-10-01,2018-12-31,Employee,1,86,36
155,2018-10-25 11:58:13.387356+05:30,t,100% Code Review with at least one code-reviewer comment,2018-10-01,2018-12-31,Employee,1,86,36
156,2018-10-25 11:58:30.971642+05:30,t,100% delivery on planned delivery date,2018-10-01,2018-12-31,Employee,1,86,36
157,2018-10-25 11:57:17.294192+05:30,t,At least one commercial delivery per-quarter from each individual / along with the team.,2018-10-01,2018-12-31,Employee,1,88,37
158,2018-10-25 11:57:53.697687+05:30,t,Project and HR Hours Variance should be at less than 2%,2018-10-01,2018-12-31,Employee,1,88,37
159,2018-10-25 11:58:13.387356+05:30,t,Project Productivity should be 90% Minimum.,2018-10-01,2018-12-31,Employee,1,88,37
160,2018-10-25 11:58:30.971642+05:30,t,"All the Transformational policies, including, Policy-55, Policy-56, and Policy-57, should be complied 100%. 0% Deviations allowed.",2018-10-01,2018-12-31,Employee,1,88,37
161,2018-10-25 11:57:17.294192+05:30,t,100% of all Web and Mobile Customer Response Times to be under 1 second,2018-10-01,2018-12-31,Employee,1,88,38
162,2018-10-25 11:57:53.697687+05:30,t,100% backup and recovery for all artifacts for application operability,2018-10-01,2018-12-31,Employee,1,88,38
163,2018-10-25 11:58:13.387356+05:30,t,0% Vulnerability with Secure On – SAAAS security testing,2018-10-01,2018-12-31,Employee,1,88,38
164,2018-10-25 11:58:30.971642+05:30,t,100% ability to rollback releases incase of release problems,2018-10-01,2018-12-31,Employee,1,88,38
165,2018-10-25 11:57:17.294192+05:30,t,0% Blocker bugs (with Bugzilla),2018-10-01,2018-12-31,Employee,1,88,39
166,2018-10-25 11:57:53.697687+05:30,t,"Unit Test coverage at 75% (as indicated by the coverage tool) (Junit, PyUnit etc)",2018-10-01,2018-12-31,Employee,1,88,39
167,2018-10-25 11:58:13.387356+05:30,t,100% Code Review with at least one code-reviewer comment,2018-10-01,2018-12-31,Employee,1,88,39
168,2018-10-25 11:58:30.971642+05:30,t,100% delivery on planned delivery date,2018-10-01,2018-12-31,Employee,1,88,39
169,2018-10-25 11:57:17.294192+05:30,t,At least one commercial delivery per-quarter from each individual / along with the team.,2018-10-01,2018-12-31,Employee,1,89,40
170,2018-10-25 11:57:53.697687+05:30,t,Project and HR Hours Variance should be at less than 2%,2018-10-01,2018-12-31,Employee,1,89,40
171,2018-10-25 11:58:13.387356+05:30,t,Project Productivity should be 90% Minimum.,2018-10-01,2018-12-31,Employee,1,89,40
172,2018-10-25 11:58:30.971642+05:30,t,"All the Transformational policies, including, Policy-55, Policy-56, and Policy-57, should be complied 100%. 0% Deviations allowed.",2018-10-01,2018-12-31,Employee,1,89,40
173,2018-10-25 11:57:17.294192+05:30,t,100% of all Web and Mobile Customer Response Times to be under 1 second,2018-10-01,2018-12-31,Employee,1,89,41
174,2018-10-25 11:57:53.697687+05:30,t,100% backup and recovery for all artifacts for application operability,2018-10-01,2018-12-31,Employee,1,89,41
175,2018-10-25 11:58:13.387356+05:30,t,0% Vulnerability with Secure On – SAAAS security testing,2018-10-01,2018-12-31,Employee,1,89,41
176,2018-10-25 11:58:30.971642+05:30,t,100% ability to rollback releases incase of release problems,2018-10-01,2018-12-31,Employee,1,89,41
177,2018-10-25 11:57:17.294192+05:30,t,0% Blocker bugs (with Bugzilla),2018-10-01,2018-12-31,Employee,1,89,42
178,2018-10-25 11:57:53.697687+05:30,t,"Unit Test coverage at 75% (as indicated by the coverage tool) (Junit, PyUnit etc)",2018-10-01,2018-12-31,Employee,1,89,42
179,2018-10-25 11:58:13.387356+05:30,t,100% Code Review with at least one code-reviewer comment,2018-10-01,2018-12-31,Employee,1,89,42
180,2018-10-25 11:58:30.971642+05:30,t,100% delivery on planned delivery date,2018-10-01,2018-12-31,Employee,1,89,42
181,2018-10-25 11:57:17.294192+05:30,t,At least one commercial delivery per-quarter from each individual / along with the team.,2018-10-01,2018-12-31,Employee,1,90,43
182,2018-10-25 11:57:53.697687+05:30,t,Project and HR Hours Variance should be at less than 2%,2018-10-01,2018-12-31,Employee,1,90,43
183,2018-10-25 11:58:13.387356+05:30,t,Project Productivity should be 90% Minimum.,2018-10-01,2018-12-31,Employee,1,90,43
184,2018-10-25 11:58:30.971642+05:30,t,"All the Transformational policies, including, Policy-55, Policy-56, and Policy-57, should be complied 100%. 0% Deviations allowed.",2018-10-01,2018-12-31,Employee,1,90,43
185,2018-10-25 11:57:17.294192+05:30,t,100% of all Web and Mobile Customer Response Times to be under 1 second,2018-10-01,2018-12-31,Employee,1,90,44
186,2018-10-25 11:57:53.697687+05:30,t,100% backup and recovery for all artifacts for application operability,2018-10-01,2018-12-31,Employee,1,90,44
187,2018-10-25 11:58:13.387356+05:30,t,0% Vulnerability with Secure On – SAAAS security testing,2018-10-01,2018-12-31,Employee,1,90,44
188,2018-10-25 11:58:30.971642+05:30,t,100% ability to rollback releases incase of release problems,2018-10-01,2018-12-31,Employee,1,90,44
189,2018-10-25 11:57:17.294192+05:30,t,0% Blocker bugs (with Bugzilla),2018-10-01,2018-12-31,Employee,1,90,45
190,2018-10-25 11:57:53.697687+05:30,t,"Unit Test coverage at 75% (as indicated by the coverage tool) (Junit, PyUnit etc)",2018-10-01,2018-12-31,Employee,1,90,45
191,2018-10-25 11:58:13.387356+05:30,t,100% Code Review with at least one code-reviewer comment,2018-10-01,2018-12-31,Employee,1,90,45
192,2018-10-25 11:58:30.971642+05:30,t,100% delivery on planned delivery date,2018-10-01,2018-12-31,Employee,1,90,45
193,2018-10-25 11:57:17.294192+05:30,t,At least one commercial delivery per-quarter from each individual / along with the team.,2018-10-01,2018-12-31,Employee,1,92,46
194,2018-10-25 11:57:53.697687+05:30,t,Project and HR Hours Variance should be at less than 2%,2018-10-01,2018-12-31,Employee,1,92,46
195,2018-10-25 11:58:13.387356+05:30,t,Project Productivity should be 90% Minimum.,2018-10-01,2018-12-31,Employee,1,92,46
196,2018-10-25 11:58:30.971642+05:30,t,"All the Transformational policies, including, Policy-55, Policy-56, and Policy-57, should be complied 100%. 0% Deviations allowed.",2018-10-01,2018-12-31,Employee,1,92,46
197,2018-10-25 11:57:17.294192+05:30,t,100% of all Web and Mobile Customer Response Times to be under 1 second,2018-10-01,2018-12-31,Employee,1,92,47
198,2018-10-25 11:57:53.697687+05:30,t,100% backup and recovery for all artifacts for application operability,2018-10-01,2018-12-31,Employee,1,92,47
199,2018-10-25 11:58:13.387356+05:30,t,0% Vulnerability with Secure On – SAAAS security testing,2018-10-01,2018-12-31,Employee,1,92,47
200,2018-10-25 11:58:30.971642+05:30,t,100% ability to rollback releases incase of release problems,2018-10-01,2018-12-31,Employee,1,92,47
201,2018-10-25 11:57:17.294192+05:30,t,0% Blocker bugs (with Bugzilla),2018-10-01,2018-12-31,Employee,1,92,48
202,2018-10-25 11:57:53.697687+05:30,t,"Unit Test coverage at 75% (as indicated by the coverage tool) (Junit, PyUnit etc)",2018-10-01,2018-12-31,Employee,1,92,48
203,2018-10-25 11:58:13.387356+05:30,t,100% Code Review with at least one code-reviewer comment,2018-10-01,2018-12-31,Employee,1,92,48
204,2018-10-25 11:58:30.971642+05:30,t,100% delivery on planned delivery date,2018-10-01,2018-12-31,Employee,1,92,48
205,2018-10-25 11:57:17.294192+05:30,t,At least one commercial delivery per-quarter from each individual / along with the team.,2018-10-01,2018-12-31,Employee,1,93,49
206,2018-10-25 11:57:53.697687+05:30,t,Project and HR Hours Variance should be at less than 2%,2018-10-01,2018-12-31,Employee,1,93,49
207,2018-10-25 11:58:13.387356+05:30,t,Project Productivity should be 90% Minimum.,2018-10-01,2018-12-31,Employee,1,93,49
208,2018-10-25 11:58:30.971642+05:30,t,"All the Transformational policies, including, Policy-55, Policy-56, and Policy-57, should be complied 100%. 0% Deviations allowed.",2018-10-01,2018-12-31,Employee,1,93,49
209,2018-10-25 11:57:17.294192+05:30,t,100% of all Web and Mobile Customer Response Times to be under 1 second,2018-10-01,2018-12-31,Employee,1,93,50
210,2018-10-25 11:57:53.697687+05:30,t,100% backup and recovery for all artifacts for application operability,2018-10-01,2018-12-31,Employee,1,93,50
211,2018-10-25 11:58:13.387356+05:30,t,0% Vulnerability with Secure On – SAAAS security testing,2018-10-01,2018-12-31,Employee,1,93,50
212,2018-10-25 11:58:30.971642+05:30,t,100% ability to rollback releases incase of release problems,2018-10-01,2018-12-31,Employee,1,93,50
213,2018-10-25 11:57:17.294192+05:30,t,0% Blocker bugs (with Bugzilla),2018-10-01,2018-12-31,Employee,1,93,51
214,2018-10-25 11:57:53.697687+05:30,t,"Unit Test coverage at 75% (as indicated by the coverage tool) (Junit, PyUnit etc)",2018-10-01,2018-12-31,Employee,1,93,51
215,2018-10-25 11:58:13.387356+05:30,t,100% Code Review with at least one code-reviewer comment,2018-10-01,2018-12-31,Employee,1,93,51
216,2018-10-25 11:58:30.971642+05:30,t,100% delivery on planned delivery date,2018-10-01,2018-12-31,Employee,1,93,51
217,2018-10-25 11:57:17.294192+05:30,t,At least one commercial delivery per-quarter from each individual / along with the team.,2018-10-01,2018-12-31,Employee,1,94,52
218,2018-10-25 11:57:53.697687+05:30,t,Project and HR Hours Variance should be at less than 2%,2018-10-01,2018-12-31,Employee,1,94,52
219,2018-10-25 11:58:13.387356+05:30,t,Project Productivity should be 90% Minimum.,2018-10-01,2018-12-31,Employee,1,94,52
220,2018-10-25 11:58:30.971642+05:30,t,"All the Transformational policies, including, Policy-55, Policy-56, and Policy-57, should be complied 100%. 0% Deviations allowed.",2018-10-01,2018-12-31,Employee,1,94,52
221,2018-10-25 11:57:17.294192+05:30,t,100% of all Web and Mobile Customer Response Times to be under 1 second,2018-10-01,2018-12-31,Employee,1,94,53
222,2018-10-25 11:57:53.697687+05:30,t,100% backup and recovery for all artifacts for application operability,2018-10-01,2018-12-31,Employee,1,94,53
223,2018-10-25 11:58:13.387356+05:30,t,0% Vulnerability with Secure On – SAAAS security testing,2018-10-01,2018-12-31,Employee,1,94,53
224,2018-10-25 11:58:30.971642+05:30,t,100% ability to rollback releases incase of release problems,2018-10-01,2018-12-31,Employee,1,94,53
225,2018-10-25 11:57:17.294192+05:30,t,0% Blocker bugs (with Bugzilla),2018-10-01,2018-12-31,Employee,1,94,54
226,2018-10-25 11:57:53.697687+05:30,t,"Unit Test coverage at 75% (as indicated by the coverage tool) (Junit, PyUnit etc)",2018-10-01,2018-12-31,Employee,1,94,54
227,2018-10-25 11:58:13.387356+05:30,t,100% Code Review with at least one code-reviewer comment,2018-10-01,2018-12-31,Employee,1,94,54
228,2018-10-25 11:58:30.971642+05:30,t,100% delivery on planned delivery date,2018-10-01,2018-12-31,Employee,1,94,54
229,2018-10-25 11:57:17.294192+05:30,t,At least one commercial delivery per-quarter from each individual / along with the team.,2018-10-01,2018-12-31,Employee,1,97,55
230,2018-10-25 11:57:53.697687+05:30,t,Project and HR Hours Variance should be at less than 2%,2018-10-01,2018-12-31,Employee,1,97,55
231,2018-10-25 11:58:13.387356+05:30,t,Project Productivity should be 90% Minimum.,2018-10-01,2018-12-31,Employee,1,97,55
232,2018-10-25 11:58:30.971642+05:30,t,"All the Transformational policies, including, Policy-55, Policy-56, and Policy-57, should be complied 100%. 0% Deviations allowed.",2018-10-01,2018-12-31,Employee,1,97,55
233,2018-10-25 11:57:17.294192+05:30,t,100% of all Web and Mobile Customer Response Times to be under 1 second,2018-10-01,2018-12-31,Employee,1,97,56
234,2018-10-25 11:57:53.697687+05:30,t,100% backup and recovery for all artifacts for application operability,2018-10-01,2018-12-31,Employee,1,97,56
235,2018-10-25 11:58:13.387356+05:30,t,0% Vulnerability with Secure On – SAAAS security testing,2018-10-01,2018-12-31,Employee,1,97,56
236,2018-10-25 11:58:30.971642+05:30,t,100% ability to rollback releases incase of release problems,2018-10-01,2018-12-31,Employee,1,97,56
237,2018-10-25 11:57:17.294192+05:30,t,0% Blocker bugs (with Bugzilla),2018-10-01,2018-12-31,Employee,1,97,57
238,2018-10-25 11:57:53.697687+05:30,t,"Unit Test coverage at 75% (as indicated by the coverage tool) (Junit, PyUnit etc)",2018-10-01,2018-12-31,Employee,1,97,57
239,2018-10-25 11:58:13.387356+05:30,t,100% Code Review with at least one code-reviewer comment,2018-10-01,2018-12-31,Employee,1,97,57
240,2018-10-25 11:58:30.971642+05:30,t,100% delivery on planned delivery date,2018-10-01,2018-12-31,Employee,1,97,57
241,2018-10-25 11:57:17.294192+05:30,t,At least one commercial delivery per-quarter from each individual / along with the team.,2018-10-01,2018-12-31,Employee,1,99,58
242,2018-10-25 11:57:53.697687+05:30,t,Project and HR Hours Variance should be at less than 2%,2018-10-01,2018-12-31,Employee,1,99,58
243,2018-10-25 11:58:13.387356+05:30,t,Project Productivity should be 90% Minimum.,2018-10-01,2018-12-31,Employee,1,99,58
244,2018-10-25 11:58:30.971642+05:30,t,"All the Transformational policies, including, Policy-55, Policy-56, and Policy-57, should be complied 100%. 0% Deviations allowed.",2018-10-01,2018-12-31,Employee,1,99,58
245,2018-10-25 11:57:17.294192+05:30,t,100% of all Web and Mobile Customer Response Times to be under 1 second,2018-10-01,2018-12-31,Employee,1,99,59
246,2018-10-25 11:57:53.697687+05:30,t,100% backup and recovery for all artifacts for application operability,2018-10-01,2018-12-31,Employee,1,99,59
247,2018-10-25 11:58:13.387356+05:30,t,0% Vulnerability with Secure On – SAAAS security testing,2018-10-01,2018-12-31,Employee,1,99,59
248,2018-10-25 11:58:30.971642+05:30,t,100% ability to rollback releases incase of release problems,2018-10-01,2018-12-31,Employee,1,99,59
249,2018-10-25 11:57:17.294192+05:30,t,0% Blocker bugs (with Bugzilla),2018-10-01,2018-12-31,Employee,1,99,60
250,2018-10-25 11:57:53.697687+05:30,t,"Unit Test coverage at 75% (as indicated by the coverage tool) (Junit, PyUnit etc)",2018-10-01,2018-12-31,Employee,1,99,60
251,2018-10-25 11:58:13.387356+05:30,t,100% Code Review with at least one code-reviewer comment,2018-10-01,2018-12-31,Employee,1,99,60
252,2018-10-25 11:58:30.971642+05:30,t,100% delivery on planned delivery date,2018-10-01,2018-12-31,Employee,1,99,60
253,2018-10-25 11:57:17.294192+05:30,t,At least one commercial delivery per-quarter from each individual / along with the team.,2018-10-01,2018-12-31,Employee,1,100,61
254,2018-10-25 11:57:53.697687+05:30,t,Project and HR Hours Variance should be at less than 2%,2018-10-01,2018-12-31,Employee,1,100,61
255,2018-10-25 11:58:13.387356+05:30,t,Project Productivity should be 90% Minimum.,2018-10-01,2018-12-31,Employee,1,100,61
256,2018-10-25 11:58:30.971642+05:30,t,"All the Transformational policies, including, Policy-55, Policy-56, and Policy-57, should be complied 100%. 0% Deviations allowed.",2018-10-01,2018-12-31,Employee,1,100,61
257,2018-10-25 11:57:17.294192+05:30,t,100% of all Web and Mobile Customer Response Times to be under 1 second,2018-10-01,2018-12-31,Employee,1,100,62
258,2018-10-25 11:57:53.697687+05:30,t,100% backup and recovery for all artifacts for application operability,2018-10-01,2018-12-31,Employee,1,100,62
259,2018-10-25 11:58:13.387356+05:30,t,0% Vulnerability with Secure On – SAAAS security testing,2018-10-01,2018-12-31,Employee,1,100,62
260,2018-10-25 11:58:30.971642+05:30,t,100% ability to rollback releases incase of release problems,2018-10-01,2018-12-31,Employee,1,100,62
261,2018-10-25 11:57:17.294192+05:30,t,0% Blocker bugs (with Bugzilla),2018-10-01,2018-12-31,Employee,1,100,63
262,2018-10-25 11:57:53.697687+05:30,t,"Unit Test coverage at 75% (as indicated by the coverage tool) (Junit, PyUnit etc)",2018-10-01,2018-12-31,Employee,1,100,63
263,2018-10-25 11:58:13.387356+05:30,t,100% Code Review with at least one code-reviewer comment,2018-10-01,2018-12-31,Employee,1,100,63
264,2018-10-25 11:58:30.971642+05:30,t,100% delivery on planned delivery date,2018-10-01,2018-12-31,Employee,1,100,63
265,2018-10-25 11:57:17.294192+05:30,t,At least one commercial delivery per-quarter from each individual / along with the team.,2018-10-01,2018-12-31,Employee,1,103,64
266,2018-10-25 11:57:53.697687+05:30,t,Project and HR Hours Variance should be at less than 2%,2018-10-01,2018-12-31,Employee,1,103,64
267,2018-10-25 11:58:13.387356+05:30,t,Project Productivity should be 90% Minimum.,2018-10-01,2018-12-31,Employee,1,103,64
268,2018-10-25 11:58:30.971642+05:30,t,"All the Transformational policies, including, Policy-55, Policy-56, and Policy-57, should be complied 100%. 0% Deviations allowed.",2018-10-01,2018-12-31,Employee,1,103,64
269,2018-10-25 11:57:17.294192+05:30,t,100% of all Web and Mobile Customer Response Times to be under 1 second,2018-10-01,2018-12-31,Employee,1,103,65
270,2018-10-25 11:57:53.697687+05:30,t,100% backup and recovery for all artifacts for application operability,2018-10-01,2018-12-31,Employee,1,103,65
271,2018-10-25 11:58:13.387356+05:30,t,0% Vulnerability with Secure On – SAAAS security testing,2018-10-01,2018-12-31,Employee,1,103,65
272,2018-10-25 11:58:30.971642+05:30,t,100% ability to rollback releases incase of release problems,2018-10-01,2018-12-31,Employee,1,103,65
273,2018-10-25 11:57:17.294192+05:30,t,0% Blocker bugs (with Bugzilla),2018-10-01,2018-12-31,Employee,1,103,66
274,2018-10-25 11:57:53.697687+05:30,t,"Unit Test coverage at 75% (as indicated by the coverage tool) (Junit, PyUnit etc)",2018-10-01,2018-12-31,Employee,1,103,66
275,2018-10-25 11:58:13.387356+05:30,t,100% Code Review with at least one code-reviewer comment,2018-10-01,2018-12-31,Employee,1,103,66
276,2018-10-25 11:58:30.971642+05:30,t,100% delivery on planned delivery date,2018-10-01,2018-12-31,Employee,1,103,66
277,2018-10-25 11:57:17.294192+05:30,t,At least one commercial delivery per-quarter from each individual / along with the team.,2018-10-01,2018-12-31,Employee,1,105,67
278,2018-10-25 11:57:53.697687+05:30,t,Project and HR Hours Variance should be at less than 2%,2018-10-01,2018-12-31,Employee,1,105,67
279,2018-10-25 11:58:13.387356+05:30,t,Project Productivity should be 90% Minimum.,2018-10-01,2018-12-31,Employee,1,105,67
280,2018-10-25 11:58:30.971642+05:30,t,"All the Transformational policies, including, Policy-55, Policy-56, and Policy-57, should be complied 100%. 0% Deviations allowed.",2018-10-01,2018-12-31,Employee,1,105,67
281,2018-10-25 11:57:17.294192+05:30,t,100% of all Web and Mobile Customer Response Times to be under 1 second,2018-10-01,2018-12-31,Employee,1,105,68
282,2018-10-25 11:57:53.697687+05:30,t,100% backup and recovery for all artifacts for application operability,2018-10-01,2018-12-31,Employee,1,105,68
283,2018-10-25 11:58:13.387356+05:30,t,0% Vulnerability with Secure On – SAAAS security testing,2018-10-01,2018-12-31,Employee,1,105,68
284,2018-10-25 11:58:30.971642+05:30,t,100% ability to rollback releases incase of release problems,2018-10-01,2018-12-31,Employee,1,105,68
285,2018-10-25 11:57:17.294192+05:30,t,0% Blocker bugs (with Bugzilla),2018-10-01,2018-12-31,Employee,1,105,69
286,2018-10-25 11:57:53.697687+05:30,t,"Unit Test coverage at 75% (as indicated by the coverage tool) (Junit, PyUnit etc)",2018-10-01,2018-12-31,Employee,1,105,69
287,2018-10-25 11:58:13.387356+05:30,t,100% Code Review with at least one code-reviewer comment,2018-10-01,2018-12-31,Employee,1,105,69
288,2018-10-25 11:58:30.971642+05:30,t,100% delivery on planned delivery date,2018-10-01,2018-12-31,Employee,1,105,69
289,2018-10-25 11:57:17.294192+05:30,t,At least one commercial delivery per-quarter from each individual / along with the team.,2018-10-01,2018-12-31,Employee,1,108,70
290,2018-10-25 11:57:53.697687+05:30,t,Project and HR Hours Variance should be at less than 2%,2018-10-01,2018-12-31,Employee,1,108,70
291,2018-10-25 11:58:13.387356+05:30,t,Project Productivity should be 90% Minimum.,2018-10-01,2018-12-31,Employee,1,108,70
292,2018-10-25 11:58:30.971642+05:30,t,"All the Transformational policies, including, Policy-55, Policy-56, and Policy-57, should be complied 100%. 0% Deviations allowed.",2018-10-01,2018-12-31,Employee,1,108,70
293,2018-10-25 11:57:17.294192+05:30,t,100% of all Web and Mobile Customer Response Times to be under 1 second,2018-10-01,2018-12-31,Employee,1,108,71
294,2018-10-25 11:57:53.697687+05:30,t,100% backup and recovery for all artifacts for application operability,2018-10-01,2018-12-31,Employee,1,108,71
295,2018-10-25 11:58:13.387356+05:30,t,0% Vulnerability with Secure On – SAAAS security testing,2018-10-01,2018-12-31,Employee,1,108,71
296,2018-10-25 11:58:30.971642+05:30,t,100% ability to rollback releases incase of release problems,2018-10-01,2018-12-31,Employee,1,108,71
297,2018-10-25 11:57:17.294192+05:30,t,0% Blocker bugs (with Bugzilla),2018-10-01,2018-12-31,Employee,1,108,72
298,2018-10-25 11:57:53.697687+05:30,t,"Unit Test coverage at 75% (as indicated by the coverage tool) (Junit, PyUnit etc)",2018-10-01,2018-12-31,Employee,1,108,72
299,2018-10-25 11:58:13.387356+05:30,t,100% Code Review with at least one code-reviewer comment,2018-10-01,2018-12-31,Employee,1,108,72
300,2018-10-25 11:58:30.971642+05:30,t,100% delivery on planned delivery date,2018-10-01,2018-12-31,Employee,1,108,72
301,2018-10-25 11:57:17.294192+05:30,t,At least one commercial delivery per-quarter from each individual / along with the team.,2018-10-01,2018-12-31,Employee,1,109,73
302,2018-10-25 11:57:53.697687+05:30,t,Project and HR Hours Variance should be at less than 2%,2018-10-01,2018-12-31,Employee,1,109,73
303,2018-10-25 11:58:13.387356+05:30,t,Project Productivity should be 90% Minimum.,2018-10-01,2018-12-31,Employee,1,109,73
304,2018-10-25 11:58:30.971642+05:30,t,"All the Transformational policies, including, Policy-55, Policy-56, and Policy-57, should be complied 100%. 0% Deviations allowed.",2018-10-01,2018-12-31,Employee,1,109,73
305,2018-10-25 11:57:17.294192+05:30,t,100% of all Web and Mobile Customer Response Times to be under 1 second,2018-10-01,2018-12-31,Employee,1,109,74
306,2018-10-25 11:57:53.697687+05:30,t,100% backup and recovery for all artifacts for application operability,2018-10-01,2018-12-31,Employee,1,109,74
307,2018-10-25 11:58:13.387356+05:30,t,0% Vulnerability with Secure On – SAAAS security testing,2018-10-01,2018-12-31,Employee,1,109,74
308,2018-10-25 11:58:30.971642+05:30,t,100% ability to rollback releases incase of release problems,2018-10-01,2018-12-31,Employee,1,109,74
309,2018-10-25 11:57:17.294192+05:30,t,0% Blocker bugs (with Bugzilla),2018-10-01,2018-12-31,Employee,1,109,75
310,2018-10-25 11:57:53.697687+05:30,t,"Unit Test coverage at 75% (as indicated by the coverage tool) (Junit, PyUnit etc)",2018-10-01,2018-12-31,Employee,1,109,75
311,2018-10-25 11:58:13.387356+05:30,t,100% Code Review with at least one code-reviewer comment,2018-10-01,2018-12-31,Employee,1,109,75
312,2018-10-25 11:58:30.971642+05:30,t,100% delivery on planned delivery date,2018-10-01,2018-12-31,Employee,1,109,75
313,2018-10-25 11:57:17.294192+05:30,t,At least one commercial delivery per-quarter from each individual / along with the team.,2018-10-01,2018-12-31,Employee,1,110,76
314,2018-10-25 11:57:53.697687+05:30,t,Project and HR Hours Variance should be at less than 2%,2018-10-01,2018-12-31,Employee,1,110,76
315,2018-10-25 11:58:13.387356+05:30,t,Project Productivity should be 90% Minimum.,2018-10-01,2018-12-31,Employee,1,110,76
316,2018-10-25 11:58:30.971642+05:30,t,"All the Transformational policies, including, Policy-55, Policy-56, and Policy-57, should be complied 100%. 0% Deviations allowed.",2018-10-01,2018-12-31,Employee,1,110,76
317,2018-10-25 11:57:17.294192+05:30,t,100% of all Web and Mobile Customer Response Times to be under 1 second,2018-10-01,2018-12-31,Employee,1,110,77
318,2018-10-25 11:57:53.697687+05:30,t,100% backup and recovery for all artifacts for application operability,2018-10-01,2018-12-31,Employee,1,110,77
319,2018-10-25 11:58:13.387356+05:30,t,0% Vulnerability with Secure On – SAAAS security testing,2018-10-01,2018-12-31,Employee,1,110,77
320,2018-10-25 11:58:30.971642+05:30,t,100% ability to rollback releases incase of release problems,2018-10-01,2018-12-31,Employee,1,110,77
321,2018-10-25 11:57:17.294192+05:30,t,0% Blocker bugs (with Bugzilla),2018-10-01,2018-12-31,Employee,1,110,78
322,2018-10-25 11:57:53.697687+05:30,t,"Unit Test coverage at 75% (as indicated by the coverage tool) (Junit, PyUnit etc)",2018-10-01,2018-12-31,Employee,1,110,78
323,2018-10-25 11:58:13.387356+05:30,t,100% Code Review with at least one code-reviewer comment,2018-10-01,2018-12-31,Employee,1,110,78
324,2018-10-25 11:58:30.971642+05:30,t,100% delivery on planned delivery date,2018-10-01,2018-12-31,Employee,1,110,78
325,2018-10-25 11:57:17.294192+05:30,t,At least one commercial delivery per-quarter from each individual / along with the team.,2018-10-01,2018-12-31,Employee,1,119,79
326,2018-10-25 11:57:53.697687+05:30,t,Project and HR Hours Variance should be at less than 2%,2018-10-01,2018-12-31,Employee,1,119,79
327,2018-10-25 11:58:13.387356+05:30,t,Project Productivity should be 90% Minimum.,2018-10-01,2018-12-31,Employee,1,119,79
328,2018-10-25 11:58:30.971642+05:30,t,"All the Transformational policies, including, Policy-55, Policy-56, and Policy-57, should be complied 100%. 0% Deviations allowed.",2018-10-01,2018-12-31,Employee,1,119,79
329,2018-10-25 11:57:17.294192+05:30,t,100% of all Web and Mobile Customer Response Times to be under 1 second,2018-10-01,2018-12-31,Employee,1,119,80
330,2018-10-25 11:57:53.697687+05:30,t,100% backup and recovery for all artifacts for application operability,2018-10-01,2018-12-31,Employee,1,119,80
331,2018-10-25 11:58:13.387356+05:30,t,0% Vulnerability with Secure On – SAAAS security testing,2018-10-01,2018-12-31,Employee,1,119,80
332,2018-10-25 11:58:30.971642+05:30,t,100% ability to rollback releases incase of release problems,2018-10-01,2018-12-31,Employee,1,119,80
333,2018-10-25 11:57:17.294192+05:30,t,0% Blocker bugs (with Bugzilla),2018-10-01,2018-12-31,Employee,1,119,81
334,2018-10-25 11:57:53.697687+05:30,t,"Unit Test coverage at 75% (as indicated by the coverage tool) (Junit, PyUnit etc)",2018-10-01,2018-12-31,Employee,1,119,81
335,2018-10-25 11:58:13.387356+05:30,t,100% Code Review with at least one code-reviewer comment,2018-10-01,2018-12-31,Employee,1,119,81
336,2018-10-25 11:58:30.971642+05:30,t,100% delivery on planned delivery date,2018-10-01,2018-12-31,Employee,1,119,81
337,2018-10-25 11:57:17.294192+05:30,t,At least one commercial delivery per-quarter from each individual / along with the team.,2018-10-01,2018-12-31,Employee,1,120,82
338,2018-10-25 11:57:53.697687+05:30,t,Project and HR Hours Variance should be at less than 2%,2018-10-01,2018-12-31,Employee,1,120,82
339,2018-10-25 11:58:13.387356+05:30,t,Project Productivity should be 90% Minimum.,2018-10-01,2018-12-31,Employee,1,120,82
340,2018-10-25 11:58:30.971642+05:30,t,"All the Transformational policies, including, Policy-55, Policy-56, and Policy-57, should be complied 100%. 0% Deviations allowed.",2018-10-01,2018-12-31,Employee,1,120,82
341,2018-10-25 11:57:17.294192+05:30,t,100% of all Web and Mobile Customer Response Times to be under 1 second,2018-10-01,2018-12-31,Employee,1,120,83
342,2018-10-25 11:57:53.697687+05:30,t,100% backup and recovery for all artifacts for application operability,2018-10-01,2018-12-31,Employee,1,120,83
343,2018-10-25 11:58:13.387356+05:30,t,0% Vulnerability with Secure On – SAAAS security testing,2018-10-01,2018-12-31,Employee,1,120,83
344,2018-10-25 11:58:30.971642+05:30,t,100% ability to rollback releases incase of release problems,2018-10-01,2018-12-31,Employee,1,120,83
345,2018-10-25 11:57:17.294192+05:30,t,0% Blocker bugs (with Bugzilla),2018-10-01,2018-12-31,Employee,1,120,84
346,2018-10-25 11:57:53.697687+05:30,t,"Unit Test coverage at 75% (as indicated by the coverage tool) (Junit, PyUnit etc)",2018-10-01,2018-12-31,Employee,1,120,84
347,2018-10-25 11:58:13.387356+05:30,t,100% Code Review with at least one code-reviewer comment,2018-10-01,2018-12-31,Employee,1,120,84
348,2018-10-25 11:58:30.971642+05:30,t,100% delivery on planned delivery date,2018-10-01,2018-12-31,Employee,1,120,84
349,2018-10-25 11:57:17.294192+05:30,t,At least one commercial delivery per-quarter from each individual / along with the team.,2018-10-01,2018-12-31,Employee,1,121,85
350,2018-10-25 11:57:53.697687+05:30,t,Project and HR Hours Variance should be at less than 2%,2018-10-01,2018-12-31,Employee,1,121,85
351,2018-10-25 11:58:13.387356+05:30,t,Project Productivity should be 90% Minimum.,2018-10-01,2018-12-31,Employee,1,121,85
352,2018-10-25 11:58:30.971642+05:30,t,"All the Transformational policies, including, Policy-55, Policy-56, and Policy-57, should be complied 100%. 0% Deviations allowed.",2018-10-01,2018-12-31,Employee,1,121,85
353,2018-10-25 11:57:17.294192+05:30,t,100% of all Web and Mobile Customer Response Times to be under 1 second,2018-10-01,2018-12-31,Employee,1,121,86
354,2018-10-25 11:57:53.697687+05:30,t,100% backup and recovery for all artifacts for application operability,2018-10-01,2018-12-31,Employee,1,121,86
355,2018-10-25 11:58:13.387356+05:30,t,0% Vulnerability with Secure On – SAAAS security testing,2018-10-01,2018-12-31,Employee,1,121,86
356,2018-10-25 11:58:30.971642+05:30,t,100% ability to rollback releases incase of release problems,2018-10-01,2018-12-31,Employee,1,121,86
357,2018-10-25 11:57:17.294192+05:30,t,0% Blocker bugs (with Bugzilla),2018-10-01,2018-12-31,Employee,1,121,87
358,2018-10-25 11:57:53.697687+05:30,t,"Unit Test coverage at 75% (as indicated by the coverage tool) (Junit, PyUnit etc)",2018-10-01,2018-12-31,Employee,1,121,87
359,2018-10-25 11:58:13.387356+05:30,t,100% Code Review with at least one code-reviewer comment,2018-10-01,2018-12-31,Employee,1,121,87
360,2018-10-25 11:58:30.971642+05:30,t,100% delivery on planned delivery date,2018-10-01,2018-12-31,Employee,1,121,87
361,2018-10-25 11:57:17.294192+05:30,t,At least one commercial delivery per-quarter from each individual / along with the team.,2018-10-01,2018-12-31,Employee,1,122,88
362,2018-10-25 11:57:53.697687+05:30,t,Project and HR Hours Variance should be at less than 2%,2018-10-01,2018-12-31,Employee,1,122,88
363,2018-10-25 11:58:13.387356+05:30,t,Project Productivity should be 90% Minimum.,2018-10-01,2018-12-31,Employee,1,122,88
364,2018-10-25 11:58:30.971642+05:30,t,"All the Transformational policies, including, Policy-55, Policy-56, and Policy-57, should be complied 100%. 0% Deviations allowed.",2018-10-01,2018-12-31,Employee,1,122,88
365,2018-10-25 11:57:17.294192+05:30,t,100% of all Web and Mobile Customer Response Times to be under 1 second,2018-10-01,2018-12-31,Employee,1,122,89
366,2018-10-25 11:57:53.697687+05:30,t,100% backup and recovery for all artifacts for application operability,2018-10-01,2018-12-31,Employee,1,122,89
367,2018-10-25 11:58:13.387356+05:30,t,0% Vulnerability with Secure On – SAAAS security testing,2018-10-01,2018-12-31,Employee,1,122,89
368,2018-10-25 11:58:30.971642+05:30,t,100% ability to rollback releases incase of release problems,2018-10-01,2018-12-31,Employee,1,122,89
369,2018-10-25 11:57:17.294192+05:30,t,0% Blocker bugs (with Bugzilla),2018-10-01,2018-12-31,Employee,1,122,90
370,2018-10-25 11:57:53.697687+05:30,t,"Unit Test coverage at 75% (as indicated by the coverage tool) (Junit, PyUnit etc)",2018-10-01,2018-12-31,Employee,1,122,90
371,2018-10-25 11:58:13.387356+05:30,t,100% Code Review with at least one code-reviewer comment,2018-10-01,2018-12-31,Employee,1,122,90
372,2018-10-25 11:58:30.971642+05:30,t,100% delivery on planned delivery date,2018-10-01,2018-12-31,Employee,1,122,90
373,2018-10-25 11:57:17.294192+05:30,t,At least one commercial delivery per-quarter from each individual / along with the team.,2018-10-01,2018-12-31,Employee,1,124,91
374,2018-10-25 11:57:53.697687+05:30,t,Project and HR Hours Variance should be at less than 2%,2018-10-01,2018-12-31,Employee,1,124,91
375,2018-10-25 11:58:13.387356+05:30,t,Project Productivity should be 90% Minimum.,2018-10-01,2018-12-31,Employee,1,124,91
376,2018-10-25 11:58:30.971642+05:30,t,"All the Transformational policies, including, Policy-55, Policy-56, and Policy-57, should be complied 100%. 0% Deviations allowed.",2018-10-01,2018-12-31,Employee,1,124,91
377,2018-10-25 11:57:17.294192+05:30,t,100% of all Web and Mobile Customer Response Times to be under 1 second,2018-10-01,2018-12-31,Employee,1,124,92
378,2018-10-25 11:57:53.697687+05:30,t,100% backup and recovery for all artifacts for application operability,2018-10-01,2018-12-31,Employee,1,124,92
379,2018-10-25 11:58:13.387356+05:30,t,0% Vulnerability with Secure On – SAAAS security testing,2018-10-01,2018-12-31,Employee,1,124,92
380,2018-10-25 11:58:30.971642+05:30,t,100% ability to rollback releases incase of release problems,2018-10-01,2018-12-31,Employee,1,124,92
381,2018-10-25 11:57:17.294192+05:30,t,0% Blocker bugs (with Bugzilla),2018-10-01,2018-12-31,Employee,1,124,93
382,2018-10-25 11:57:53.697687+05:30,t,"Unit Test coverage at 75% (as indicated by the coverage tool) (Junit, PyUnit etc)",2018-10-01,2018-12-31,Employee,1,124,93
383,2018-10-25 11:58:13.387356+05:30,t,100% Code Review with at least one code-reviewer comment,2018-10-01,2018-12-31,Employee,1,124,93
384,2018-10-25 11:58:30.971642+05:30,t,100% delivery on planned delivery date,2018-10-01,2018-12-31,Employee,1,124,93
385,2018-10-25 11:57:17.294192+05:30,t,At least one commercial delivery per-quarter from each individual / along with the team.,2018-10-01,2018-12-31,Employee,1,125,94
386,2018-10-25 11:57:53.697687+05:30,t,Project and HR Hours Variance should be at less than 2%,2018-10-01,2018-12-31,Employee,1,125,94
387,2018-10-25 11:58:13.387356+05:30,t,Project Productivity should be 90% Minimum.,2018-10-01,2018-12-31,Employee,1,125,94
388,2018-10-25 11:58:30.971642+05:30,t,"All the Transformational policies, including, Policy-55, Policy-56, and Policy-57, should be complied 100%. 0% Deviations allowed.",2018-10-01,2018-12-31,Employee,1,125,94
389,2018-10-25 11:57:17.294192+05:30,t,100% of all Web and Mobile Customer Response Times to be under 1 second,2018-10-01,2018-12-31,Employee,1,125,95
390,2018-10-25 11:57:53.697687+05:30,t,100% backup and recovery for all artifacts for application operability,2018-10-01,2018-12-31,Employee,1,125,95
391,2018-10-25 11:58:13.387356+05:30,t,0% Vulnerability with Secure On – SAAAS security testing,2018-10-01,2018-12-31,Employee,1,125,95
392,2018-10-25 11:58:30.971642+05:30,t,100% ability to rollback releases incase of release problems,2018-10-01,2018-12-31,Employee,1,125,95
393,2018-10-25 11:57:17.294192+05:30,t,0% Blocker bugs (with Bugzilla),2018-10-01,2018-12-31,Employee,1,125,96
394,2018-10-25 11:57:53.697687+05:30,t,"Unit Test coverage at 75% (as indicated by the coverage tool) (Junit, PyUnit etc)",2018-10-01,2018-12-31,Employee,1,125,96
395,2018-10-25 11:58:13.387356+05:30,t,100% Code Review with at least one code-reviewer comment,2018-10-01,2018-12-31,Employee,1,125,96
396,2018-10-25 11:58:30.971642+05:30,t,100% delivery on planned delivery date,2018-10-01,2018-12-31,Employee,1,125,96
397,2018-10-25 11:57:17.294192+05:30,t,At least one commercial delivery per-quarter from each individual / along with the team.,2018-10-01,2018-12-31,Employee,1,126,97
398,2018-10-25 11:57:53.697687+05:30,t,Project and HR Hours Variance should be at less than 2%,2018-10-01,2018-12-31,Employee,1,126,97
399,2018-10-25 11:58:13.387356+05:30,t,Project Productivity should be 90% Minimum.,2018-10-01,2018-12-31,Employee,1,126,97
400,2018-10-25 11:58:30.971642+05:30,t,"All the Transformational policies, including, Policy-55, Policy-56, and Policy-57, should be complied 100%. 0% Deviations allowed.",2018-10-01,2018-12-31,Employee,1,126,97
401,2018-10-25 11:57:17.294192+05:30,t,100% of all Web and Mobile Customer Response Times to be under 1 second,2018-10-01,2018-12-31,Employee,1,126,98
402,2018-10-25 11:57:53.697687+05:30,t,100% backup and recovery for all artifacts for application operability,2018-10-01,2018-12-31,Employee,1,126,98
403,2018-10-25 11:58:13.387356+05:30,t,0% Vulnerability with Secure On – SAAAS security testing,2018-10-01,2018-12-31,Employee,1,126,98
404,2018-10-25 11:58:30.971642+05:30,t,100% ability to rollback releases incase of release problems,2018-10-01,2018-12-31,Employee,1,126,98
405,2018-10-25 11:57:17.294192+05:30,t,0% Blocker bugs (with Bugzilla),2018-10-01,2018-12-31,Employee,1,126,99
406,2018-10-25 11:57:53.697687+05:30,t,"Unit Test coverage at 75% (as indicated by the coverage tool) (Junit, PyUnit etc)",2018-10-01,2018-12-31,Employee,1,126,99
407,2018-10-25 11:58:13.387356+05:30,t,100% Code Review with at least one code-reviewer comment,2018-10-01,2018-12-31,Employee,1,126,99
408,2018-10-25 11:58:30.971642+05:30,t,100% delivery on planned delivery date,2018-10-01,2018-12-31,Employee,1,126,99
409,2018-10-25 11:57:17.294192+05:30,t,At least one commercial delivery per-quarter from each individual / along with the team.,2018-10-01,2018-12-31,Employee,1,129,100
410,2018-10-25 11:57:53.697687+05:30,t,Project and HR Hours Variance should be at less than 2%,2018-10-01,2018-12-31,Employee,1,129,100
411,2018-10-25 11:58:13.387356+05:30,t,Project Productivity should be 90% Minimum.,2018-10-01,2018-12-31,Employee,1,129,100
412,2018-10-25 11:58:30.971642+05:30,t,"All the Transformational policies, including, Policy-55, Policy-56, and Policy-57, should be complied 100%. 0% Deviations allowed.",2018-10-01,2018-12-31,Employee,1,129,100
413,2018-10-25 11:57:17.294192+05:30,t,100% of all Web and Mobile Customer Response Times to be under 1 second,2018-10-01,2018-12-31,Employee,1,129,101
414,2018-10-25 11:57:53.697687+05:30,t,100% backup and recovery for all artifacts for application operability,2018-10-01,2018-12-31,Employee,1,129,101
415,2018-10-25 11:58:13.387356+05:30,t,0% Vulnerability with Secure On – SAAAS security testing,2018-10-01,2018-12-31,Employee,1,129,101
416,2018-10-25 11:58:30.971642+05:30,t,100% ability to rollback releases incase of release problems,2018-10-01,2018-12-31,Employee,1,129,101
417,2018-10-25 11:57:17.294192+05:30,t,0% Blocker bugs (with Bugzilla),2018-10-01,2018-12-31,Employee,1,129,102
418,2018-10-25 11:57:53.697687+05:30,t,"Unit Test coverage at 75% (as indicated by the coverage tool) (Junit, PyUnit etc)",2018-10-01,2018-12-31,Employee,1,129,102
419,2018-10-25 11:58:13.387356+05:30,t,100% Code Review with at least one code-reviewer comment,2018-10-01,2018-12-31,Employee,1,129,102
420,2018-10-25 11:58:30.971642+05:30,t,100% delivery on planned delivery date,2018-10-01,2018-12-31,Employee,1,129,102
421,2018-10-25 11:57:17.294192+05:30,t,At least one commercial delivery per-quarter from each individual / along with the team.,2018-10-01,2018-12-31,Employee,1,130,103
422,2018-10-25 11:57:53.697687+05:30,t,Project and HR Hours Variance should be at less than 2%,2018-10-01,2018-12-31,Employee,1,130,103
423,2018-10-25 11:58:13.387356+05:30,t,Project Productivity should be 90% Minimum.,2018-10-01,2018-12-31,Employee,1,130,103
424,2018-10-25 11:58:30.971642+05:30,t,"All the Transformational policies, including, Policy-55, Policy-56, and Policy-57, should be complied 100%. 0% Deviations allowed.",2018-10-01,2018-12-31,Employee,1,130,103
425,2018-10-25 11:57:17.294192+05:30,t,100% of all Web and Mobile Customer Response Times to be under 1 second,2018-10-01,2018-12-31,Employee,1,130,104
426,2018-10-25 11:57:53.697687+05:30,t,100% backup and recovery for all artifacts for application operability,2018-10-01,2018-12-31,Employee,1,130,104
427,2018-10-25 11:58:13.387356+05:30,t,0% Vulnerability with Secure On – SAAAS security testing,2018-10-01,2018-12-31,Employee,1,130,104
428,2018-10-25 11:58:30.971642+05:30,t,100% ability to rollback releases incase of release problems,2018-10-01,2018-12-31,Employee,1,130,104
429,2018-10-25 11:57:17.294192+05:30,t,0% Blocker bugs (with Bugzilla),2018-10-01,2018-12-31,Employee,1,130,105
430,2018-10-25 11:57:53.697687+05:30,t,"Unit Test coverage at 75% (as indicated by the coverage tool) (Junit, PyUnit etc)",2018-10-01,2018-12-31,Employee,1,130,105
431,2018-10-25 11:58:13.387356+05:30,t,100% Code Review with at least one code-reviewer comment,2018-10-01,2018-12-31,Employee,1,130,105
432,2018-10-25 11:58:30.971642+05:30,t,100% delivery on planned delivery date,2018-10-01,2018-12-31,Employee,1,130,105
433,2018-10-25 11:57:17.294192+05:30,t,At least one commercial delivery per-quarter from each individual / along with the team.,2018-10-01,2018-12-31,Employee,1,131,106
434,2018-10-25 11:57:53.697687+05:30,t,Project and HR Hours Variance should be at less than 2%,2018-10-01,2018-12-31,Employee,1,131,106
435,2018-10-25 11:58:13.387356+05:30,t,Project Productivity should be 90% Minimum.,2018-10-01,2018-12-31,Employee,1,131,106
436,2018-10-25 11:58:30.971642+05:30,t,"All the Transformational policies, including, Policy-55, Policy-56, and Policy-57, should be complied 100%. 0% Deviations allowed.",2018-10-01,2018-12-31,Employee,1,131,106
437,2018-10-25 11:57:17.294192+05:30,t,100% of all Web and Mobile Customer Response Times to be under 1 second,2018-10-01,2018-12-31,Employee,1,131,107
438,2018-10-25 11:57:53.697687+05:30,t,100% backup and recovery for all artifacts for application operability,2018-10-01,2018-12-31,Employee,1,131,107
439,2018-10-25 11:58:13.387356+05:30,t,0% Vulnerability with Secure On – SAAAS security testing,2018-10-01,2018-12-31,Employee,1,131,107
440,2018-10-25 11:58:30.971642+05:30,t,100% ability to rollback releases incase of release problems,2018-10-01,2018-12-31,Employee,1,131,107
441,2018-10-25 11:57:17.294192+05:30,t,0% Blocker bugs (with Bugzilla),2018-10-01,2018-12-31,Employee,1,131,108
442,2018-10-25 11:57:53.697687+05:30,t,"Unit Test coverage at 75% (as indicated by the coverage tool) (Junit, PyUnit etc)",2018-10-01,2018-12-31,Employee,1,131,108
443,2018-10-25 11:58:13.387356+05:30,t,100% Code Review with at least one code-reviewer comment,2018-10-01,2018-12-31,Employee,1,131,108
444,2018-10-25 11:58:30.971642+05:30,t,100% delivery on planned delivery date,2018-10-01,2018-12-31,Employee,1,131,108
445,2018-10-25 11:57:17.294192+05:30,t,At least one commercial delivery per-quarter from each individual / along with the team.,2018-10-01,2018-12-31,Employee,1,135,109
446,2018-10-25 11:57:53.697687+05:30,t,Project and HR Hours Variance should be at less than 2%,2018-10-01,2018-12-31,Employee,1,135,109
447,2018-10-25 11:58:13.387356+05:30,t,Project Productivity should be 90% Minimum.,2018-10-01,2018-12-31,Employee,1,135,109
448,2018-10-25 11:58:30.971642+05:30,t,"All the Transformational policies, including, Policy-55, Policy-56, and Policy-57, should be complied 100%. 0% Deviations allowed.",2018-10-01,2018-12-31,Employee,1,135,109
449,2018-10-25 11:57:17.294192+05:30,t,100% of all Web and Mobile Customer Response Times to be under 1 second,2018-10-01,2018-12-31,Employee,1,135,110
450,2018-10-25 11:57:53.697687+05:30,t,100% backup and recovery for all artifacts for application operability,2018-10-01,2018-12-31,Employee,1,135,110
451,2018-10-25 11:58:13.387356+05:30,t,0% Vulnerability with Secure On – SAAAS security testing,2018-10-01,2018-12-31,Employee,1,135,110
452,2018-10-25 11:58:30.971642+05:30,t,100% ability to rollback releases incase of release problems,2018-10-01,2018-12-31,Employee,1,135,110
453,2018-10-25 11:57:17.294192+05:30,t,0% Blocker bugs (with Bugzilla),2018-10-01,2018-12-31,Employee,1,135,111
454,2018-10-25 11:57:53.697687+05:30,t,"Unit Test coverage at 75% (as indicated by the coverage tool) (Junit, PyUnit etc)",2018-10-01,2018-12-31,Employee,1,135,111
455,2018-10-25 11:58:13.387356+05:30,t,100% Code Review with at least one code-reviewer comment,2018-10-01,2018-12-31,Employee,1,135,111
456,2018-10-25 11:58:30.971642+05:30,t,100% delivery on planned delivery date,2018-10-01,2018-12-31,Employee,1,135,111
457,2018-10-25 11:57:17.294192+05:30,t,At least one commercial delivery per-quarter from each individual / along with the team.,2018-10-01,2018-12-31,Employee,1,211,112
458,2018-10-25 11:57:53.697687+05:30,t,Project and HR Hours Variance should be at less than 2%,2018-10-01,2018-12-31,Employee,1,211,112
459,2018-10-25 11:58:13.387356+05:30,t,Project Productivity should be 90% Minimum.,2018-10-01,2018-12-31,Employee,1,211,112
460,2018-10-25 11:58:30.971642+05:30,t,"All the Transformational policies, including, Policy-55, Policy-56, and Policy-57, should be complied 100%. 0% Deviations allowed.",2018-10-01,2018-12-31,Employee,1,211,112
461,2018-10-25 11:57:17.294192+05:30,t,100% of all Web and Mobile Customer Response Times to be under 1 second,2018-10-01,2018-12-31,Employee,1,211,113
462,2018-10-25 11:57:53.697687+05:30,t,100% backup and recovery for all artifacts for application operability,2018-10-01,2018-12-31,Employee,1,211,113
463,2018-10-25 11:58:13.387356+05:30,t,0% Vulnerability with Secure On – SAAAS security testing,2018-10-01,2018-12-31,Employee,1,211,113
464,2018-10-25 11:58:30.971642+05:30,t,100% ability to rollback releases incase of release problems,2018-10-01,2018-12-31,Employee,1,211,113
465,2018-10-25 11:57:17.294192+05:30,t,0% Blocker bugs (with Bugzilla),2018-10-01,2018-12-31,Employee,1,211,114
466,2018-10-25 11:57:53.697687+05:30,t,"Unit Test coverage at 75% (as indicated by the coverage tool) (Junit, PyUnit etc)",2018-10-01,2018-12-31,Employee,1,211,114
467,2018-10-25 11:58:13.387356+05:30,t,100% Code Review with at least one code-reviewer comment,2018-10-01,2018-12-31,Employee,1,211,114
468,2018-10-25 11:58:30.971642+05:30,t,100% delivery on planned delivery date,2018-10-01,2018-12-31,Employee,1,211,114
